50,-0.01,-0.01,-0.01,-0.01,-0.01,-0.01,-0.01,-0.01,-0.01,-0.01,-0.01,-0.01,-0.01,-0.01,-0.01,-0.01,-0.01,-0.01,-0.01,-0.01,-0.01,-0.01,-0.01,-0.01,-0.01,-0.01,-0.01,-0.01,-0.01,-0.01,-0.01,-0.01,-0.01,-0.01,-0.01,-0.01,-0.01,-0.01,-0.01,-0.01,-0.01,-0.01,-0.01,-0.01,-0.01,-0.01,-0.01,-0.01,-0.01,-0.01,-0.01,-0.01,-0.01,-0.01,-0.01,-0.01,-0.01,-0.01,-0.01,-0.01,-0.01,-0.01,-0.01,-0.01,-0.01,-0.01,-0.01,-0.01,-0.01,-0.01,-0.01,-0.01,-0.01,-0.01,-0.01,-0.01,-0.01,-0.01,-0.01,-0.01,-0.01,-0.01,-0.01,-0.01,-0.01,-0.01,-0.01,-0.01,-0.01,-0.01,-0.01,-0.01,-0.01,-0.01,-0.01,-0.01,-0.01,-0.01,-0.01
50,24.9211,14.9631,10.2416,7.62502,5.98635,4.86327,4.04126,3.40966,2.90615,2.493,2.14596,1.84859,1.58912,1.35856,1.14944,0.954623,0.765772,0.569953,0.339937,0,-0.00428307,-0.00713013,-0.00943351,-0.0117308,-0.0142208,-0.0169467,-0.0198952,-0.0230378,-0.026346,-0.0297955,-0.0333677,-0.0370487,-0.0408287,-0.0447003,-0.0486585,-0.0526995,-0.0568204,-0.061019,-0.0652935,-0.0696424,-0.0740641,-0.0785574,-0.0831209,-0.0877531,-0.0924524,-0.0972169,-0.102044,-0.106933,-0.111879,-0.116879,-0.121929,-0.127024,-0.132157,-0.137321,-0.142507,-0.147702,-0.152893,-0.158062,-0.163191,-0.168256,-0.173228,-0.178077,-0.182767,-0.187258,-0.191507,-0.195465,-0.199085,-0.202312,-0.205093,-0.207375,-0.209106,-0.210237,-0.210721,-0.210519,-0.209597,-0.20793,-0.2055,-0.202299,-0.198329,-0.193599,-0.188129,-0.181946,-0.175084,-0.167582,-0.159486,-0.150843,-0.141703,-0.132117,-0.122135,-0.111805,-0.101176,-0.09029,-0.079189,-0.067911,-0.0564909,-0.0449609,-0.0333508,-0.0216883,-0.01
50,34.732,24.7006,18.39,14.2841,11.4696,9.43836,7.90537,6.70481,5.73576,4.93389,4.2564,3.67351,3.16354,2.70981,2.29853,1.917,1.55183,1.18683,0.801563,0.381134,0,-0.00479541,-0.00885537,-0.0132391,-0.0181623,-0.0236126,-0.0295234,-0.035823,-0.0424495,-0.0493538,-0.0564989,-0.0638578,-0.0714112,-0.0791454,-0.0870507,-0.0951201,-0.103348,-0.111731,-0.120266,-0.128949,-0.137778,-0.14675,-0.155864,-0.165116,-0.174504,-0.184024,-0.193672,-0.203443,-0.213333,-0.223334,-0.233439,-0.243638,-0.253917,-0.264264,-0.274659,-0.285079,-0.295496,-0.305879,-0.316186,-0.326371,-0.336379,-0.346147,-0.355603,-0.364667,-0.37325,-0.381257,-0.388586,-0.395132,-0.400785,-0.405436,-0.40898,-0.411316,-0.41235,-0.412002,-0.410204,-0.406902,-0.402062,-0.395667,-0.38772,-0.378242,-0.367272,-0.354865,-0.34109,-0.32603,-0.309775,-0.292422,-0.274074,-0.254833,-0.2348,-0.214075,-0.192752,-0.170919,-0.14866,-0.12605,-0.10316,-0.0800524,-0.0567872,-0.033419,-0.01
50,39.3074,30.7196,24.3368,19.6561,16.1747,13.5211,11.4437,9.7757,8.40591,7.25853,6.28062,5.43401,4.69021,4.02699,3.42592,2.87056,2.34459,1.8298,1.30269,0.725219,0,-0.00318256,-0.00792174,-0.0141526,-0.0214932,-0.029705,-0.0386196,-0.0481089,-0.0580749,-0.068444,-0.0791625,-0.0901918,-0.101505,-0.113083,-0.124913,-0.136985,-0.149293,-0.161832,-0.174597,-0.187585,-0.200792,-0.214216,-0.227854,-0.241701,-0.255756,-0.270013,-0.284467,-0.299112,-0.313941,-0.328946,-0.344115,-0.359435,-0.374888,-0.390454,-0.406106,-0.421811,-0.437528,-0.45321,-0.468795,-0.484215,-0.499387,-0.514215,-0.52859,-0.542391,-0.555482,-0.567718,-0.578942,-0.58899,-0.597697,-0.604893,-0.610416,-0.614108,-0.615828,-0.615448,-0.612863,-0.607992,-0.600781,-0.591205,-0.579268,-0.565002,-0.54847,-0.529755,-0.508968,-0.486233,-0.461692,-0.435496,-0.4078,-0.378763,-0.348541,-0.317284,-0.285138,-0.252235,-0.218702,-0.184651,-0.150189,-0.115408,-0.0803969,-0.0452355,-0.01
50,41.7795,34.5371,28.5863,23.8351,20.0598,17.0366,14.5826,12.5595,10.8655,9.42612,8.18632,7.10469,6.1493,5.29476,4.51994,3.80638,3.1369,2.49449,1.86167,1.22167,0.570484,0,-0.00545857,-0.0138823,-0.0238362,-0.0349318,-0.0469322,-0.0596645,-0.0730009,-0.0868477,-0.101138,-0.115825,-0.130875,-0.146268,-0.161987,-0.178024,-0.19437,-0.211021,-0.227972,-0.24522,-0.262762,-0.280595,-0.298717,-0.317125,-0.335813,-0.35478,-0.374019,-0.393524,-0.413287,-0.433299,-0.453546,-0.474014,-0.494682,-0.515524,-0.536506,-0.557587,-0.578715,-0.599827,-0.620843,-0.641672,-0.662202,-0.682305,-0.701833,-0.720622,-0.738486,-0.755225,-0.770624,-0.784459,-0.796497,-0.806507,-0.814261,-0.819542,-0.822151,-0.821912,-0.818679,-0.812339,-0.802817,-0.790079,-0.774129,-0.755016,-0.732824,-0.707674,-0.679717,-0.64913,-0.616108,-0.58086,-0.543603,-0.504554,-0.463929,-0.421934,-0.378764,-0.334603,-0.289617,-0.24396,-0.197768,-0.151168,-0.104272,-0.0571831,-0.01
50,43.2757,37.0674,31.6429,27.0469,23.2035,19.9953,17.3045,15.0293,13.0866,11.4111,9.95133,8.66683,7.52525,6.5002,5.56956,4.7142,3.91713,3.16315,2.43934,1.73791,1.06485,0.460397,0,-0.0120011,-0.0248968,-0.0390499,-0.0542456,-0.0702875,-0.0870295,-0.104366,-0.12222,-0.140543,-0.159298,-0.178463,-0.198024,-0.217972,-0.2383,-0.259004,-0.280081,-0.30153,-0.323349,-0.345535,-0.368089,-0.391007,-0.414288,-0.437928,-0.461923,-0.486269,-0.510959,-0.535984,-0.561331,-0.586984,-0.612922,-0.639116,-0.665528,-0.692109,-0.718799,-0.745518,-0.772172,-0.798645,-0.824799,-0.850469,-0.87547,-0.899588,-0.922586,-0.944204,-0.964162,-0.982168,-0.997918,-1.01111,-1.02144,-1.02862,-1.0324,-1.03254,-1.02885,-1.02118,-1.00942,-0.993545,-0.973551,-0.949504,-0.921519,-0.889755,-0.854413,-0.815726,-0.773952,-0.729367,-0.682253,-0.632897,-0.581575,-0.528555,-0.474089,-0.418409,-0.361727,-0.304234,-0.246101,-0.187481,-0.128509,-0.06931,-0.01
50,44.259,38.8197,33.8798,29.5175,25.7258,22.4524,19.6288,17.1859,15.0615,13.2021,11.5635,10.1088,8.80735,7.63357,6.56558,5.5845,4.67393,3.81981,3.01082,2.23909,1.49996,0.781285,0,-0.0091515,-0.0245474,-0.0418903,-0.0603958,-0.0798148,-0.099994,-0.120823,-0.142226,-0.16415,-0.186563,-0.209446,-0.232785,-0.256575,-0.280812,-0.305495,-0.330623,-0.356198,-0.38222,-0.40869,-0.435609,-0.462978,-0.490797,-0.519066,-0.547784,-0.576949,-0.606557,-0.636602,-0.667075,-0.697962,-0.729242,-0.760886,-0.792855,-0.825096,-0.857538,-0.890093,-0.92265,-0.955069,-0.987184,-1.0188,-1.04968,-1.07956,-1.10816,-1.13514,-1.16015,-1.18282,-1.20277,-1.21961,-1.23297,-1.24246,-1.24777,-1.24859,-1.24468,-1.23585,-1.22196,-1.20297,-1.17889,-1.1498,-1.11584,-1.07723,-1.03422,-0.98711,-0.936233,-0.881938,-0.824585,-0.764534,-0.702135,-0.637721,-0.571604,-0.50407,-0.435377,-0.365754,-0.295404,-0.224504,-0.153212,-0.0816675,-0.01
50,44.9443,40.08,35.5499,31.4316,27.7468,24.4797,21.5947,19.0484,16.797,14.7995,13.0196,11.4255,9.98981,8.68871,7.50148,6.41008,5.39884,4.45446,3.56619,2.72604,1.92879,1.17303,0.47661,0,-0.0220984,-0.0433134,-0.0652764,-0.0881286,-0.111763,-0.136076,-0.160993,-0.186469,-0.212479,-0.239005,-0.266043,-0.293589,-0.321647,-0.350217,-0.379305,-0.408915,-0.439053,-0.469722,-0.500928,-0.532675,-0.564969,-0.597813,-0.631213,-0.665171,-0.699689,-0.734766,-0.770399,-0.806579,-0.843289,-0.880505,-0.918186,-0.95628,-0.994712,-1.03338,-1.07217,-1.1109,-1.1494,-1.18742,-1.22468,-1.26088,-1.29564,-1.32857,-1.35925,-1.3872,-1.41196,-1.43304,-1.44996,-1.46228,-1.46956,-1.47144,-1.46761,-1.45783,-1.44193,-1.41986,-1.39163,-1.35735,-1.3172,-1.27144,-1.2204,-1.16447,-1.10404,-1.03957,-0.971499,-0.90027,-0.826317,-0.750046,-0.671837,-0.592031,-0.510935,-0.428815,-0.345906,-0.262407,-0.178492,-0.0943103,-0.01
50,45.4427,41.0148,36.8212,32.9294,29.3708,26.1489,23.2488,20.6454,18.3097,16.2118,14.3232,12.6176,11.0713,9.66299,8.37367,7.18646,6.08652,5.06114,4.09969,3.1935,2.3353,1.51863,0.739261,0,-0.0203959,-0.0437258,-0.0688839,-0.0951596,-0.122246,-0.15001,-0.178388,-0.207346,-0.236869,-0.266948,-0.297585,-0.328785,-0.360556,-0.392906,-0.425845,-0.459384,-0.493534,-0.528303,-0.563704,-0.599746,-0.636441,-0.6738,-0.711835,-0.750557,-0.789975,-0.830099,-0.870933,-0.912478,-0.954725,-0.997655,-1.04124,-1.08542,-1.13012,-1.17524,-1.22064,-1.26614,-1.31151,-1.35649,-1.40074,-1.4439,-1.48552,-1.52513,-1.5622,-1.59618,-1.62648,-1.6525,-1.67366,-1.6894,-1.6992,-1.7026,-1.6992,-1.68872,-1.67096,-1.64585,-1.61339,-1.57373,-1.5271,-1.47384,-1.41434,-1.34907,-1.27856,-1.20334,-1.12396,-1.04097,-0.954878,-0.86619,-0.775351,-0.682767,-0.588792,-0.493734,-0.397853,-0.301369,-0.204465,-0.107296,-0.01
50,45.8169,41.7261,37.8063,34.1142,30.6828,27.5248,24.6378,22.0095,19.6215,17.4533,15.4831,13.6901,12.0543,10.557,9.18139,7.91179,6.73437,5.63694,4.60897,3.64117,2.72414,1.84444,0.971047,0,-0.0156345,-0.042048,-0.0709721,-0.100844,-0.131386,-0.162545,-0.194302,-0.226647,-0.259578,-0.293097,-0.327215,-0.361945,-0.397304,-0.433307,-0.469973,-0.507318,-0.545361,-0.584118,-0.623608,-0.66385,-0.704863,-0.746668,-0.789286,-0.832739,-0.877049,-0.922237,-0.968321,-1.01531,-1.06322,-1.11204,-1.16173,-1.21227,-1.26357,-1.31553,-1.368,-1.42079,-1.47363,-1.52621,-1.57817,-1.62905,-1.67834,-1.72548,-1.76982,-1.81069,-1.84739,-1.8792,-1.90539,-1.92528,-1.93823,-1.94367,-1.94114,-1.93026,-1.91081,-1.88267,-1.84589,-1.80064,-1.74719,-1.68598,-1.61748,-1.5423,-1.46104,-1.37439,-1.283,-1.18753,-1.08862,-0.986844,-0.882738,-0.776774,-0.669359,-0.560839,-0.4515,-0.341575,-0.231253,-0.120685,-0.01
50,46.1049,42.2786,38.5819,35.0619,31.75,28.6629,25.8054,23.1733,20.7565,18.5411,16.5115,14.6513,12.9441,11.3741,9.92624,8.58646,7.34189,6.18099,5.09353,4.07047,3.10352,2.18516,1.31259,0.514304,0,-0.0376118,-0.0717051,-0.105298,-0.139202,-0.173636,-0.208651,-0.244259,-0.280467,-0.317291,-0.35475,-0.392867,-0.431668,-0.471181,-0.51143,-0.552442,-0.594244,-0.636862,-0.680324,-0.724659,-0.769896,-0.816069,-0.863212,-0.911361,-0.960554,-1.01083,-1.06222,-1.11476,-1.16847,-1.22336,-1.27942,-1.33663,-1.39491,-1.45416,-1.51422,-1.57488,-1.63586,-1.69681,-1.75729,-1.81678,-1.87469,-1.93033,-1.98295,-2.03174,-2.07586,-2.11442,-2.14656,-2.17144,-2.18828,-2.1964,-2.19521,-2.18428,-2.16332,-2.1322,-2.09098,-2.03985,-1.97919,-1.90949,-1.83138,-1.74556,-1.6528,-1.55391,-1.44968,-1.34092,-1.22837,-1.11272,-0.994607,-0.874563,-0.753054,-0.630466,-0.507106,-0.383215,-0.258979,-0.134537,-0.01
50,46.3312,42.7157,39.2017,35.8286,32.6251,29.6093,26.7899,24.1679,21.7386,19.4938,17.4222,15.5114,13.7483,12.1194,10.6117,9.21257,7.91015,6.69358,5.553,4.4796,3.46555,2.50472,1.5959,0.751196,0,-0.0364783,-0.0725351,-0.108862,-0.145748,-0.183252,-0.221365,-0.260084,-0.299417,-0.339386,-0.380022,-0.421362,-0.463442,-0.506299,-0.54997,-0.594494,-0.639906,-0.686243,-0.733546,-0.781855,-0.831214,-0.88167,-0.933274,-0.98608,-1.04015,-1.09553,-1.15229,-1.21049,-1.27016,-1.33134,-1.39405,-1.45827,-1.52395,-1.591,-1.65924,-1.72846,-1.79835,-1.86851,-1.93845,-2.00756,-2.07515,-2.14042,-2.20247,-2.26035,-2.31303,-2.35946,-2.39861,-2.42944,-2.45103,-2.46254,-2.46326,-2.45266,-2.43041,-2.39634,-2.35052,-2.29321,-2.22486,-2.14607,-2.05761,-1.96034,-1.85518,-1.7431,-1.62509,-1.50208,-1.37496,-1.24455,-1.11157,-0.976642,-0.840294,-0.702947,-0.564925,-0.426474,-0.287763,-0.148912,-0.01
50,46.5123,43.0672,39.704,36.4562,33.3496,30.4022,27.6246,25.0212,22.5912,20.3299,18.23,16.2821,14.4757,12.7997,11.2427,9.79352,8.44137,7.17602,5.98793,4.86815,3.80812,2.7994,1.83381,0.903817,0,-0.0355616,-0.0726949,-0.111278,-0.150911,-0.191321,-0.232377,-0.274041,-0.316321,-0.359253,-0.402881,-0.447256,-0.492428,-0.538447,-0.585363,-0.633224,-0.682081,-0.731983,-0.782982,-0.835136,-0.888503,-0.943148,-0.999144,-1.05657,-1.11549,-1.17602,-1.23822,-1.30218,-1.36799,-1.43571,-1.50537,-1.57699,-1.65054,-1.72594,-1.80302,-1.88155,-1.9612,-2.04152,-2.12196,-2.20182,-2.2803,-2.35646,-2.42925,-2.49752,-2.56007,-2.61564,-2.66298,-2.70086,-2.72815,-2.74385,-2.74712,-2.7373,-2.71398,-2.67699,-2.6264,-2.56254,-2.48594,-2.39737,-2.29772,-2.18805,-2.06948,-1.94317,-1.81028,-1.67194,-1.5292,-1.38301,-1.2342,-1.08349,-0.931473,-0.778594,-0.625199,-0.471524,-0.317719,-0.163866,-0.01
50,46.6596,43.3544,40.1171,36.9765,33.9559,31.0724,28.3378,25.7582,23.3353,21.0674,18.9496,16.9751,15.1358,13.4222,11.8248,10.3335,8.93857,7.63044,6.39992,5.23793,4.13496,3.07967,2.05635,1.04069,0,-0.0328776,-0.0710101,-0.112054,-0.154514,-0.197775,-0.241636,-0.286064,-0.331093,-0.376778,-0.423187,-0.470387,-0.518444,-0.567422,-0.617386,-0.668397,-0.720518,-0.773814,-0.828354,-0.88421,-0.941462,-1.0002,-1.06051,-1.1225,-1.18627,-1.25196,-1.31968,-1.38954,-1.46168,-1.53618,-1.61313,-1.69257,-1.7745,-1.85886,-1.94549,-2.03416,-2.1245,-2.21603,-2.30811,-2.39997,-2.49067,-2.57911,-2.66407,-2.7442,-2.81807,-2.88417,-2.94102,-2.98716,-3.02123,-3.04202,-3.04853,-3.03997,-3.01585,-2.97596,-2.9204,-2.84957,-2.76412,-2.66495,-2.55319,-2.43007,-2.29694,-2.15521,-2.00624,-1.85137,-1.69182,-1.52872,-1.36303,-1.19555,-1.02694,-0.857683,-0.688135,-0.518517,-0.348943,-0.179445,-0.01
50,46.7816,43.5929,40.462,37.4139,34.4696,31.6455,28.9533,26.4004,23.9901,21.7224,19.5947,17.602,15.7379,13.9947,12.364,10.8371,9.40513,8.05931,6.79096,5.59133,4.45089,3.35763,2.29237,1.21367,0,-0.024761,-0.0660341,-0.110827,-0.156523,-0.202638,-0.249146,-0.296122,-0.343663,-0.391863,-0.440815,-0.490606,-0.54132,-0.593036,-0.645832,-0.699787,-0.754977,-0.811485,-0.869395,-0.928801,-0.989804,-1.05251,-1.11705,-1.18356,-1.25217,-1.32305,-1.39635,-1.47225,-1.55091,-1.63246,-1.71705,-1.80475,-1.89561,-1.98957,-2.08652,-2.18621,-2.28825,-2.39211,-2.49709,-2.60229,-2.70665,-2.80889,-2.90759,-3.00117,-3.08792,-3.1661,-3.23391,-3.28964,-3.33166,-3.35852,-3.36903,-3.36226,-3.33761,-3.29485,-3.2341,-3.15582,-3.06083,-2.95021,-2.82529,-2.68756,-2.53863,-2.38016,-2.21379,-2.04107,-1.86345,-1.68222,-1.49849,-1.31316,-1.12697,-0.940429,-0.753897,-0.567568,-0.381509,-0.195687,-0.01
50,46.8843,43.7943,40.7545,37.7871,34.9111,32.1418,29.4908,26.9661,24.5719,22.3097,20.178,18.1734,16.291,14.5242,12.8661,11.3087,9.84433,8.46488,7.16249,5.92927,4.7572,3.63793,2.56364,1.53355,0.589534,0,-0.05719,-0.108121,-0.157315,-0.206096,-0.254973,-0.304208,-0.353977,-0.404417,-0.455646,-0.507772,-0.560894,-0.615108,-0.670506,-0.727183,-0.785232,-0.844754,-0.905852,-0.968643,-1.03325,-1.09982,-1.16849,-1.23945,-1.31288,-1.38897,-1.46793,-1.55,-1.63537,-1.72426,-1.81685,-1.91327,-2.01361,-2.11787,-2.22594,-2.33757,-2.45237,-2.56975,-2.68894,-2.80893,-2.92848,-3.04614,-3.16026,-3.26898,-3.37032,-3.46221,-3.54254,-3.60928,-3.66051,-3.69451,-3.70984,-3.70543,-3.68055,-3.63494,-3.56874,-3.48252,-3.37724,-3.25422,-3.11501,-2.96142,-2.79534,-2.61874,-2.43354,-2.24157,-2.04451,-1.84385,-1.64086,-1.43655,-1.23174,-1.02696,-0.822578,-0.618742,-0.415458,-0.212609,-0.01
50,46.9724,43.9675,41.007,38.1108,35.2962,32.5778,29.9666,27.4707,25.095,22.8417,20.7104,18.6988,16.8029,15.0174,13.3361,11.7523,10.259,8.84884,7.51495,6.2504,5.04864,3.90399,2.81338,1.78128,0.829913,0,-0.0543057,-0.106593,-0.157719,-0.208433,-0.259201,-0.310316,-0.36198,-0.414352,-0.467569,-0.521751,-0.577014,-0.633468,-0.691222,-0.750385,-0.811069,-0.873393,-0.937484,-1.00348,-1.07154,-1.14183,-1.21454,-1.28988,-1.36808,-1.4494,-1.53409,-1.62245,-1.71474,-1.81123,-1.91219,-2.0178,-2.1282,-2.24344,-2.36345,-2.48798,-2.61664,-2.74878,-2.88354,-3.0198,-3.15615,-3.29093,-3.42221,-3.54786,-3.66557,-3.7729,-3.8674,-3.94666,-4.00842,-4.05066,-4.0717,-4.07023,-4.04544,-3.997,-3.92508,-3.83038,-3.71404,-3.5776,-3.42294,-3.25217,-3.06753,-2.87132,-2.66581,-2.45311,-2.23519,-2.01375,-1.79023,-1.56579,-1.34128,-1.1173,-0.894185,-0.672038,-0.450786,-0.230211,-0.01
50,47.0493,44.119,41.2286,38.3961,35.6376,32.9664,30.3933,27.9264,25.5706,23.3287,21.201,19.1859,17.2802,15.4795,13.7784,12.171,10.651,9.2122,7.84818,6.55293,5.32077,4.14681,3.02778,1.96336,0.955937,0,-0.0531553,-0.105674,-0.15773,-0.209676,-0.261821,-0.314399,-0.367599,-0.421575,-0.476469,-0.532414,-0.589535,-0.647957,-0.707805,-0.769203,-0.832284,-0.897187,-0.964063,-1.03308,-1.10442,-1.17828,-1.25491,-1.33455,-1.41749,-1.50403,-1.59451,-1.68926,-1.78865,-1.89302,-2.00269,-2.11794,-2.23897,-2.36589,-2.49865,-2.63705,-2.78066,-2.9288,-3.08053,-3.23457,-3.38935,-3.54296,-3.69321,-3.83762,-3.97352,-4.09807,-4.20841,-4.30174,-4.37541,-4.42705,-4.45468,-4.45679,-4.4324,-4.38115,-4.30326,-4.19952,-4.07131,-3.92043,-3.7491,-3.5598,-3.35514,-3.13783,-2.91049,-2.67558,-2.43536,-2.19178,-1.94647,-1.70071,-1.45546,-1.21132,-0.968611,-0.727373,-0.487437,-0.248463,-0.01
50,47.1176,44.2537,41.4262,38.6514,35.9443,33.3174,30.7809,28.3425,26.0074,23.7785,21.6566,19.6405,17.7276,15.9142,14.1956,12.5666,11.0217,9.55525,8.1617,6.83561,5.57173,4.36501,3.21067,2.10388,1.03814,0,-0.0523599,-0.104666,-0.15704,-0.209667,-0.262723,-0.316365,-0.370738,-0.425982,-0.482235,-0.539635,-0.598319,-0.658424,-0.72009,-0.78346,-0.848687,-0.915932,-0.985372,-1.0572,-1.13164,-1.20892,-1.28933,-1.37318,-1.46079,-1.55254,-1.64883,-1.75008,-1.85673,-1.96921,-2.08793,-2.21324,-2.34544,-2.48469,-2.63101,-2.78419,-2.94383,-3.10919,-3.27923,-3.45255,-3.62737,-3.80154,-3.97253,-4.13752,-4.29342,-4.43697,-4.56486,-4.67381,-4.76076,-4.82296,-4.85808,-4.86439,-4.84075,-4.78672,-4.70257,-4.58926,-4.44837,-4.28204,-4.09284,-3.88366,-3.65756,-3.41766,-3.167,-2.90842,-2.64449,-2.37744,-2.10911,-1.84093,-1.57393,-1.30873,-1.04562,-0.784568,-0.52529,-0.267305,-0.01
50,47.1791,44.3751,41.6046,38.8827,36.2231,33.6378,31.1362,28.7258,26.4116,24.1966,22.0817,20.0663,18.148,16.3236,14.589,12.9397,11.3708,9.87738,8.45452,7.09738,5.80101,4.56011,3.36855,2.21871,1.10047,0,-0.0513372,-0.103032,-0.155279,-0.208163,-0.261741,-0.316083,-0.371285,-0.427463,-0.484752,-0.543293,-0.603233,-0.664724,-0.727922,-0.79299,-0.860099,-0.929437,-1.00121,-1.07563,-1.15297,-1.2335,-1.31755,-1.40547,-1.49767,-1.59459,-1.69671,-1.80452,-1.91856,-2.03935,-2.1674,-2.30316,-2.44701,-2.5992,-2.75979,-2.92863,-3.1053,-3.28902,-3.47867,-3.67269,-3.86908,-4.06543,-4.25888,-4.4462,-4.62386,-4.78813,-4.93518,-5.06127,-5.16284,-5.23672,-5.28023,-5.29135,-5.26878,-5.21201,-5.12137,-4.99797,-4.84365,-4.66089,-4.45267,-4.22234,-3.97344,-3.70956,-3.43417,-3.15054,-2.8616,-2.56986,-2.27739,-1.98577,-1.6961,-1.40903,-1.12482,-0.843329,-0.56415,-0.286639,-0.01
50,47.2349,44.4855,41.767,39.0937,36.4783,33.9319,31.4635,29.0801,26.7865,24.5857,22.4786,20.4647,18.542,16.7077,14.9582,13.2893,11.697,10.1769,8.72485,7.3367,6.00802,4.73355,3.50636,2.31689,1.1527,0,-0.0496753,-0.100288,-0.152057,-0.204891,-0.258688,-0.313417,-0.369126,-0.425914,-0.483913,-0.543274,-0.604155,-0.666726,-0.731158,-0.797636,-0.866352,-0.937519,-1.01137,-1.08816,-1.16818,-1.25177,-1.33929,-1.43116,-1.52784,-1.62986,-1.73777,-1.85216,-1.97367,-2.10292,-2.24053,-2.38705,-2.54297,-2.70861,-2.88411,-3.06937,-3.26395,-3.46706,-3.67747,-3.89346,-4.11282,-4.33285,-4.55031,-4.76157,-4.96261,-5.14918,-5.31692,-5.46155,-5.57899,-5.66561,-5.71834,-5.73486,-5.71368,-5.65423,-5.55689,-5.42294,-5.25451,-5.05445,-4.8262,-4.57359,-4.30066,-4.01154,-3.71018,-3.4003,-3.08519,-2.7677,-2.45012,-2.1342,-1.82111,-1.51153,-1.20565,-0.903243,-0.603743,-0.306328,-0.01
50,47.2857,44.586,41.9152,39.2865,36.7119,34.2018,31.7645,29.4068,27.133,24.946,22.8468,20.8347,18.9082,17.0646,15.3007,13.6128,11.9973,10.4508,8.96969,7.55094,6.19102,4.88538,3.62693,2.40428,1.20098,0,-0.0467975,-0.0958349,-0.146949,-0.199586,-0.253395,-0.308247,-0.364162,-0.42124,-0.479622,-0.539475,-0.600975,-0.664307,-0.729666,-0.797254,-0.86729,-0.940012,-1.01568,-1.09459,-1.17707,-1.2635,-1.3543,-1.44995,-1.55098,-1.65799,-1.77162,-1.89257,-2.02157,-2.15937,-2.30668,-2.46418,-2.63246,-2.81195,-3.00287,-3.20515,-3.41838,-3.64172,-3.87385,-4.11289,-4.35641,-4.60138,-4.8442,-5.08079,-5.30661,-5.51686,-5.70662,-5.87101,-6.00542,-6.10572,-6.16842,-6.19087,-6.1714,-6.10935,-6.00516,-5.86031,-5.67722,-5.45915,-5.21001,-4.93417,-4.63624,-4.32085,-3.99252,-3.65541,-3.31323,-2.96916,-2.62574,-2.28487,-1.94783,-1.61529,-1.28738,-0.963766,-0.64371,-0.326195,-0.01
50,47.3316,44.677,42.0494,39.4614,36.9241,34.4472,32.0387,29.7047,27.4495,25.2755,23.1836,21.1734,19.2431,17.3905,15.6124,13.9058,12.2675,10.6945,9.18463,7.73582,6.34628,5.01327,3.73092,2.48633,1.25442,0,-0.0414124,-0.0887664,-0.139513,-0.192051,-0.245765,-0.300508,-0.356331,-0.413371,-0.4718,-0.531807,-0.593591,-0.657358,-0.723323,-0.791712,-0.862768,-0.936757,-1.01397,-1.09474,-1.17943,-1.26847,-1.36234,-1.46157,-1.56677,-1.67863,-1.79786,-1.92529,-2.06173,-2.20806,-2.36512,-2.53372,-2.71454,-2.90813,-3.11479,-3.33451,-3.5669,-3.81108,-4.06564,-4.32854,-4.59711,-4.86799,-5.13721,-5.4002,-5.6519,-5.88693,-6.09976,-6.28491,-6.43719,-6.55193,-6.62522,-6.65408,-6.63659,-6.57205,-6.46095,-6.30496,-6.10684,-5.87026,-5.59965,-5.29992,-4.97627,-4.63393,-4.27793,-3.91294,-3.54312,-3.17195,-2.80225,-2.4361,-2.07484,-1.71915,-1.3691,-1.02422,-0.683607,-0.346018,-0.01
50,47.3725,44.758,42.169,39.6172,37.1132,34.6662,32.2834,29.9707,27.732,25.5696,23.4841,21.4751,19.541,17.6794,15.8876,14.1626,12.5016,10.9025,9.36382,7.88518,6.46724,5.11093,3.81495,2.56932,1.33793,0,-0.0298465,-0.0778004,-0.129512,-0.182312,-0.235843,-0.290211,-0.345614,-0.402266,-0.460387,-0.520196,-0.581918,-0.64578,-0.712021,-0.780889,-0.852654,-0.927607,-1.00608,-1.08842,-1.17506,-1.26646,-1.36315,-1.46574,-1.57491,-1.69141,-1.81608,-1.94982,-2.09358,-2.24834,-2.41509,-2.59474,-2.78812,-2.99587,-3.21839,-3.45574,-3.70754,-3.97288,-4.25026,-4.53748,-4.83163,-5.12904,-5.42531,-5.71539,-5.99369,-6.25422,-6.49083,-6.69741,-6.86818,-6.99793,-7.08228,-7.11789,-7.10265,-7.03577,-6.91779,-6.7506,-6.53729,-6.28198,-5.98962,-5.6657,-5.31602,-4.94641,-4.56246,-4.16936,-3.77169,-3.3733,-2.97727,-2.58583,-2.20043,-1.82173,-1.44973,-1.08382,-0.722909,-0.365538,-0.01
50,47.4078,44.8278,42.2721,39.7516,37.2763,34.8548,32.4941,30.1995,27.9748,25.8218,23.7414,21.7328,19.7945,17.924,16.1188,14.376,12.693,11.068,9.50029,7.99101,6.54384,5.16539,3.86466,2.6512,1.53588,0.561859,0,-0.0626323,-0.117702,-0.170862,-0.22387,-0.277456,-0.332032,-0.387905,-0.445338,-0.504581,-0.56588,-0.629487,-0.69566,-0.764674,-0.836823,-0.912428,-0.991847,-1.07548,-1.16378,-1.25726,-1.35651,-1.4622,-1.57507,-1.69598,-1.82584,-1.96566,-2.11651,-2.2795,-2.45573,-2.64625,-2.85202,-3.07379,-3.31206,-3.56694,-3.83809,-4.12457,-4.42479,-4.7364,-5.05624,-5.3803,-5.70381,-6.02121,-6.32636,-6.61267,-6.87336,-7.10168,-7.29123,-7.43627,-7.53194,-7.57456,-7.56179,-7.49274,-7.36804,-7.18979,-6.96142,-6.68749,-6.37349,-6.0255,-5.64993,-5.2532,-4.84151,-4.42054,-3.99531,-3.57003,-3.14804,-2.73174,-2.32266,-1.92145,-1.52803,-1.14165,-0.76102,-0.384459,-0.01
50,47.4366,44.8849,42.3562,39.861,37.4089,35.0079,32.6647,30.3843,28.1702,26.0242,23.9469,21.9376,19.9946,18.1156,16.2978,14.5383,12.8344,11.1842,9.58695,8.04467,6.56334,5.15526,3.84077,2.64732,1.60136,0.715253,0,-0.0546708,-0.107149,-0.158646,-0.21017,-0.262352,-0.315612,-0.370273,-0.426617,-0.484909,-0.545414,-0.608402,-0.674153,-0.742967,-0.815163,-0.891093,-0.971143,-1.05575,-1.14541,-1.24067,-1.34218,-1.45067,-1.56696,-1.69197,-1.82671,-1.97231,-2.12993,-2.30081,-2.48617,-2.68722,-2.905,-3.14041,-3.39403,-3.66605,-3.95615,-4.26337,-4.58603,-4.92163,-5.26677,-5.61713,-5.96753,-6.31194,-6.64367,-6.95553,-7.2401,-7.49002,-7.69828,-7.85859,-7.96562,-8.01535,-8.0052,-7.93423,-7.80312,-7.61417,-7.37116,-7.07911,-6.74401,-6.37256,-5.97176,-5.54864,-5.10995,-4.66189,-4.20992,-3.7586,-3.31152,-2.87125,-2.43938,-2.01657,-1.60264,-1.19671,-0.797288,-0.402459,-0.01
50,47.458,44.9271,42.4183,39.9415,37.506,35.1194,32.7882,30.5171,28.3095,26.1672,24.0907,22.0792,20.1312,18.2441,16.4152,14.6411,12.9185,11.2448,9.61815,8.03951,6.51486,5.0598,3.70619,2.50655,1.51548,0.702314,0,-0.0485937,-0.0969881,-0.145561,-0.194742,-0.244897,-0.296339,-0.349347,-0.40419,-0.461137,-0.520464,-0.582458,-0.647421,-0.715676,-0.78757,-0.863483,-0.943832,-1.02909,-1.11978,-1.2165,-1.31995,-1.43091,-1.55027,-1.67902,-1.81828,-1.96925,-2.13321,-2.31152,-2.50553,-2.71655,-2.94578,-3.1942,-3.4625,-3.75093,-4.0592,-4.38634,-4.73058,-5.08928,-5.4588,-5.83454,-6.21092,-6.58144,-6.93888,-7.27549,-7.58324,-7.85414,-8.08061,-8.25582,-8.37401,-8.43079,-8.42339,-8.35078,-8.21371,-8.01468,-7.7578,-7.44853,-7.09338,-6.69961,-6.27481,-5.82659,-5.36226,-4.8885,-4.4112,-3.93524,-3.46447,-3.00162,-2.54833,-2.10526,-1.67214,-1.24796,-0.831022,-0.419194,-0.01
50,47.4707,44.9522,42.4548,39.9885,37.5619,35.1825,32.8567,30.5892,28.3832,26.2406,24.162,22.1468,20.1934,18.2994,16.4615,14.676,12.9388,11.2454,9.59161,7.97455,6.39531,4.86567,3.42376,2.16488,1.25856,0.582509,0,-0.0424462,-0.0861223,-0.131102,-0.17736,-0.224986,-0.274155,-0.325086,-0.378022,-0.433226,-0.490982,-0.551595,-0.61539,-0.682715,-0.753945,-0.829486,-0.909788,-0.99535,-1.08673,-1.18458,-1.28962,-1.40269,-1.52473,-1.65681,-1.80013,-1.95598,-2.12576,-2.31091,-2.51291,-2.73319,-2.97306,-3.23361,-3.51562,-3.8194,-4.14468,-4.49049,-4.85498,-5.23536,-5.62781,-6.02742,-6.42824,-6.82336,-7.20506,-7.56503,-7.89467,-8.18543,-8.42918,-8.61857,-8.74743,-8.81106,-8.80646,-8.73255,-8.59013,-8.38191,-8.11229,-7.78715,-7.4135,-6.99911,-6.55213,-6.08075,-5.59275,-5.0953,-4.59467,-4.09607,-3.60356,-3.12002,-2.64716,-2.18563,-1.73507,-1.29432,-0.861521,-0.434319,-0.01
50,47.4736,44.9577,42.4624,39.9972,37.5707,35.1903,32.8623,30.5914,28.3811,26.2336,24.1496,22.1289,20.1699,18.2703,16.4267,14.6348,12.8893,11.1836,9.5098,7.85818,6.21797,4.58094,2.9599,1.47485,0.775838,0.371975,0,-0.0348377,-0.0734934,-0.11469,-0.157735,-0.202472,-0.248985,-0.29745,-0.348084,-0.401146,-0.45693,-0.515764,-0.577997,-0.644005,-0.714192,-0.788995,-0.868889,-0.954404,-1.04613,-1.14473,-1.25099,-1.36576,-1.49006,-1.62502,-1.77189,-1.93205,-2.107,-2.29828,-2.50747,-2.73611,-2.98561,-3.25715,-3.5516,-3.86933,-4.2101,-4.5729,-4.95583,-5.35598,-5.76933,-6.19071,-6.61385,-7.03144,-7.43531,-7.81665,-8.16636,-8.47535,-8.73499,-8.93748,-9.07626,-9.14635,-9.14456,-9.06973,-8.92275,-8.70648,-8.42562,-8.08641,-7.6963,-7.26356,-6.79685,-6.30483,-5.79577,-5.27726,-4.75592,-4.23725,-3.72551,-3.2237,-2.7336,-2.25583,-1.78998,-1.33474,-0.888097,-0.447493,-0.01
50,47.4657,44.9416,42.4377,39.9633,37.5269,35.136,32.797,30.515,28.2937,26.1357,24.0424,22.0139,20.0491,18.1458,16.3008,14.5091,12.7646,11.0586,9.37936,7.70982,6.02318,4.27254,2.35873,0,0,0.131155,0,-0.0232249,-0.0579406,-0.0958492,-0.135655,-0.177247,-0.220775,-0.266414,-0.314364,-0.364882,-0.41828,-0.474918,-0.535176,-0.599464,-0.668216,-0.741897,-0.821013,-0.906116,-0.997817,-1.09681,-1.20388,-1.31994,-1.44603,-1.58334,-1.73318,-1.89702,-2.07641,-2.27299,-2.48843,-2.72435,-2.98227,-3.26344,-3.5688,-3.89876,-4.25311,-4.63083,-5.02995,-5.44746,-5.87916,-6.31967,-6.76242,-7.19976,-7.62313,-8.02329,-8.39068,-8.71577,-8.98949,-9.20365,-9.35135,-9.42735,-9.42832,-9.35302,-9.20241,-8.97949,-8.68922,-8.33815,-7.93414,-7.48586,-7.00241,-6.4929,-5.966,-5.42966,-4.8908,-4.35517,-3.82722,-3.31005,-2.8055,-2.31415,-1.83553,-1.36824,-0.910106,-0.458399,-0.01
50,47.446,44.902,42.3778,39.8829,37.4256,35.0137,32.654,30.3518,28.1117,25.9369,23.8296,21.7906,19.8196,17.9148,16.0731,14.2898,12.558,10.8681,9.20632,7.55223,5.87366,4.11898,2.20912,0,0,0.154399,0.099996,0,-0.0388999,-0.0746387,-0.111147,-0.149285,-0.189508,-0.231987,-0.276882,-0.32444,-0.375015,-0.429018,-0.486869,-0.54901,-0.615913,-0.688075,-0.766029,-0.850348,-0.941656,-1.04065,-1.14813,-1.26503,-1.39242,-1.53152,-1.68371,-1.8505,-2.03352,-2.23446,-2.45508,-2.69708,-2.96202,-3.25125,-3.56573,-3.90594,-4.27166,-4.66186,-5.07453,-5.50654,-5.95358,-6.41006,-6.86919,-7.32303,-7.7627,-8.17861,-8.56082,-8.89945,-9.18505,-9.40913,-9.5645,-9.64572,-9.64933,-9.57405,-9.42088,-9.19294,-8.8954,-8.53509,-8.12015,-7.65963,-7.16299,-6.63966,-6.09867,-5.54825,-4.99558,-4.44662,-3.90595,-3.37677,-2.86093,-2.35903,-1.87054,-1.39395,-0.92698,-0.466754,-0.01
50,47.4137,44.8373,42.2806,39.7529,37.2629,34.8186,32.4272,30.095,27.8273,25.6284,23.5014,21.4485,19.4702,17.5659,15.7328,13.9667,12.2608,10.6057,8.98792,7.38882,5.7811,4.12994,2.43475,0.933541,0.510605,0.398792,0.24819,0,-0.0228276,-0.0523004,-0.084493,-0.118579,-0.155188,-0.194223,-0.235707,-0.279861,-0.327128,-0.378026,-0.433009,-0.49255,-0.557167,-0.627394,-0.703791,-0.786954,-0.877504,-0.976124,-1.08361,-1.20088,-1.32904,-1.46935,-1.62321,-1.79217,-1.97793,-2.18222,-2.40686,-2.65358,-2.92402,-3.21956,-3.5412,-3.88943,-4.26405,-4.664,-5.08723,-5.53055,-5.98951,-6.4584,-6.93024,-7.39689,-7.8492,-8.27736,-8.67113,-9.02034,-9.3153,-9.54727,-9.70887,-9.79449,-9.80059,-9.72586,-9.57131,-9.34018,-9.03779,-8.67115,-8.24865,-7.7796,-7.27371,-6.74069,-6.18982,-5.62953,-5.06721,-4.50894,-3.95943,-3.42194,-2.89834,-2.38923,-1.89402,-1.41116,-0.938251,-0.472329,-0.01
50,47.3684,44.7468,42.1446,39.5715,37.0363,34.5474,32.1127,29.7395,27.4342,25.2025,23.0491,20.9778,18.9905,17.0879,15.2683,13.5281,11.8612,10.2591,8.71051,7.20208,5.71942,4.25493,2.84333,1.66705,1.08337,0.766444,0.506404,0.245752,0,-0.0269968,-0.0555629,-0.0848364,-0.117801,-0.153254,-0.191004,-0.231224,-0.274602,-0.3219,-0.373528,-0.429975,-0.491841,-0.559689,-0.634121,-0.715763,-0.805211,-0.903097,-1.01017,-1.12735,-1.25574,-1.39663,-1.55144,-1.72177,-1.90933,-2.1159,-2.34331,-2.59334,-2.86764,-3.16762,-3.49431,-3.84818,-4.22903,-4.63579,-5.06637,-5.51751,-5.9847,-6.46213,-6.94269,-7.41811,-7.87911,-8.31567,-8.7174,-9.07398,-9.37553,-9.61316,-9.77938,-9.86849,-9.87689,-9.80325,-9.6486,-9.41626,-9.1116,-8.7418,-8.31538,-7.84181,-7.33097,-6.79273,-6.23651,-5.67091,-5.1034,-4.54017,-3.98599,-3.44416,-2.91658,-2.40381,-1.90527,-1.41933,-0.94358,-0.474955,-0.01
50,47.3103,44.6304,41.97,39.3384,36.7451,34.1989,31.7084,29.2822,26.9281,24.6537,22.4658,20.37,18.3705,16.4697,14.6674,12.961,11.345,9.81177,8.35184,6.9558,5.61808,4.34502,3.17337,2.20081,1.55383,1.11274,0.770063,0.47697,0.221277,0,-0.0256787,-0.0470397,-0.0774444,-0.109394,-0.143143,-0.178668,-0.217337,-0.260591,-0.308363,-0.361142,-0.419763,-0.484753,-0.556778,-0.63656,-0.724618,-0.82145,-0.927725,-1.04434,-1.17239,-1.31321,-1.46823,-1.63908,-1.82748,-2.03521,-2.26411,-2.51598,-2.79246,-3.09496,-3.4245,-3.78154,-4.16587,-4.57639,-5.01096,-5.4663,-5.93786,-6.41977,-6.90488,-7.38485,-7.85033,-8.29127,-8.6972,-9.05773,-9.36293,-9.60388,-9.77303,-9.86465,-9.87513,-9.80314,-9.64971,-9.4182,-9.11401,-8.74435,-8.31783,-7.84393,-7.33263,-6.79384,-6.23703,-5.67085,-5.10282,-4.53917,-3.98466,-3.44262,-2.91496,-2.40225,-1.90386,-1.41819,-0.94277,-0.474537,-0.01
50,47.2398,44.4892,41.7578,39.0551,36.3907,33.7741,31.2149,28.7228,26.3075,23.9788,21.7461,19.6179,17.6012,15.7006,13.9179,12.2516,10.697,9.24622,7.88961,6.61786,5.42654,4.32202,3.32859,2.49159,1.85157,1.36671,0.984668,0.670999,0.408427,0.187807,0,0,-0.0352247,-0.0633007,-0.0929921,-0.122389,-0.154861,-0.194104,-0.237522,-0.285823,-0.340736,-0.40232,-0.471397,-0.549053,-0.635559,-0.731099,-0.836206,-0.951755,-1.07889,-1.21896,-1.37345,-1.54396,-1.73222,-1.93999,-2.16911,-2.42134,-2.69831,-3.0014,-3.3316,-3.68935,-4.07439,-4.48558,-4.92078,-5.37668,-5.84871,-6.33101,-6.81644,-7.29667,-7.76242,-8.20363,-8.60993,-8.97095,-9.27683,-9.51869,-9.68903,-9.78217,-9.79449,-9.7247,-9.57384,-9.34522,-9.04425,-8.67809,-8.25531,-7.78535,-7.27813,-6.74351,-6.19093,-5.62898,-5.06516,-4.50565,-3.9552,-3.41714,-2.89336,-2.38442,-1.88972,-1.40766,-0.935785,-0.471055,-0.01
50,47.1577,44.3249,41.5107,38.7249,35.977,33.2771,30.6357,28.064,25.5737,23.1772,20.8872,18.716,16.6742,14.7698,13.007,11.3859,9.9019,8.54628,7.30647,6.16869,5.12344,4.17023,3.31978,2.5907,1.99518,1.51712,1.13079,0.814579,0.55453,0.343473,0.181923,0.0908889,0,-0.0152996,-0.0427821,-0.0626392,-0.0851772,-0.122977,-0.161317,-0.203431,-0.254633,-0.312095,-0.377307,-0.452808,-0.537906,-0.632039,-0.735614,-0.849569,-0.975154,-1.11378,-1.26696,-1.43629,-1.62345,-1.83018,-2.05825,-2.3094,-2.58522,-2.88704,-3.21579,-3.57186,-3.95493,-4.36385,-4.79642,-5.24933,-5.71805,-6.19675,-6.67837,-7.15469,-7.61655,-8.05404,-8.45694,-8.81506,-9.1187,-9.35911,-9.52893,-9.62258,-9.63653,-9.56948,-9.42247,-9.19878,-8.90372,-8.54435,-8.12909,-7.66724,-7.16855,-6.64276,-6.09912,-5.54612,-4.99113,-4.44025,-3.89818,-3.36819,-2.85215,-2.35065,-1.8631,-1.38792,-0.922745,-0.464571,-0.01
50,47.0658,44.1405,41.2332,38.3532,35.5103,32.7148,29.9779,27.3122,24.7316,22.2514,19.8885,17.66,15.5817,13.6662,11.9212,10.3488,8.94455,7.69784,6.59102,5.6005,4.70649,3.89909,3.17846,2.5504,2.01813,1.57466,1.20731,0.903439,0.653423,0.451276,0.294536,0.182395,0.0969597,0.0451089,0,0,0,-0.0510295,-0.0810355,-0.111657,-0.162018,-0.213957,-0.272914,-0.347176,-0.431734,-0.524451,-0.626056,-0.737761,-0.861075,-0.997519,-1.14864,-1.31598,-1.50113,-1.70576,-1.9316,-2.18032,-2.45345,-2.75226,-3.0776,-3.42978,-3.80841,-4.21228,-4.63919,-5.08582,-5.54768,-6.01904,-6.49299,-6.96147,-7.41552,-7.84551,-8.24147,-8.59347,-8.89209,-9.12882,-9.29651,-9.38974,-9.40507,-9.34127,-9.19936,-8.98251,-8.69592,-8.34645,-7.94228,-7.4925,-7.00658,-6.494,-5.96379,-5.42421,-4.88245,-4.34448,-3.81488,-3.29685,-2.79226,-2.30167,-1.82456,-1.35941,-0.90393,-0.455222,-0.01
50,46.9659,43.9401,40.9312,37.948,34.9999,32.0975,29.2524,26.4781,23.7904,21.208,18.7525,16.4474,14.3161,12.3781,10.646,9.12482,7.80958,6.6879,5.73725,4.91516,4.18533,3.52753,2.93512,2.40875,1.94979,1.55597,1.22183,0.940865,0.707208,0.516329,0.364818,0.248957,0.161516,0.0995759,0.0555237,0.0328382,0.0173767,0,0,0,-0.0676969,-0.108734,-0.153271,-0.231503,-0.317936,-0.408885,-0.507779,-0.616293,-0.73649,-0.869962,-1.0183,-1.18291,-1.36522,-1.56679,-1.78929,-2.03433,-2.3034,-2.59765,-2.91784,-3.26417,-3.63618,-4.03257,-4.45112,-4.88852,-5.34036,-5.80104,-6.26381,-6.72089,-7.16361,-7.58267,-7.96846,-8.31143,-8.60251,-8.83352,-8.99761,-9.08955,-9.10607,-9.04598,-8.91028,-8.70203,-8.42624,-8.0895,-7.69972,-7.26562,-6.79634,-6.301,-5.78833,-5.26628,-4.7418,-4.22066,-3.70729,-3.20483,-2.71507,-2.23863,-1.775,-1.32277,-0.879763,-0.443217,-0.01
50,46.8606,43.7287,40.6121,37.5189,34.4581,31.4395,28.4747,25.5775,22.7649,20.0585,17.4854,15.0779,12.8704,10.8924,9.16542,7.69886,6.48174,5.50163,4.74416,4.12441,3.57967,3.08058,2.61894,2.19605,1.81538,1.47879,1.18581,0.934416,0.721933,0.545612,0.402654,0.289761,0.202644,0.137673,0.090626,0.0590707,0.0370222,0.020612,0.0121154,0.00636196,0,0,0,-0.107866,-0.200111,-0.286201,-0.381141,-0.484945,-0.601068,-0.730714,-0.875661,-1.03697,-1.21572,-1.41334,-1.63148,-1.87175,-2.13556,-2.42394,-2.73754,-3.07642,-3.44,-3.82689,-4.23483,-4.66054,-5.09967,-5.5468,-5.99542,-6.43804,-6.86637,-7.27153,-7.64435,-7.97575,-8.2571,-8.48062,-8.63981,-8.72972,-8.74725,-8.69129,-8.56278,-8.36467,-8.10171,-7.78021,-7.40768,-6.99244,-6.54321,-6.06867,-5.57715,-5.07626,-4.57263,-4.07179,-3.57801,-3.09429,-2.62241,-2.16297,-1.71555,-1.27884,-0.850791,-0.428828,-0.01
50,46.7529,43.5123,40.2851,37.0783,33.8998,30.7586,27.6651,24.6322,21.6766,18.8217,16.1003,13.556,11.2387,9.19463,7.46065,6.0594,4.94739,4.10967,3.61701,3.25433,2.92148,2.59008,2.26005,1.93968,1.63769,1.36054,1.11194,0.89344,0.70507,0.545925,0.414393,0.308184,0.224395,0.160006,0.111831,0.0769434,0.0518108,0.0337807,0.0217833,0.0134953,0.00740623,0.00427022,0.00217915,0,-0.0888116,-0.155327,-0.246692,-0.342824,-0.45427,-0.579012,-0.720291,-0.878076,-1.05266,-1.24548,-1.45831,-1.69285,-1.95043,-2.23195,-2.53788,-2.86811,-3.2219,-3.59778,-3.9934,-4.4055,-4.82982,-5.26114,-5.6932,-6.1189,-6.53036,-6.91919,-7.27675,-7.59449,-7.86429,-8.07887,-8.2321,-8.31936,-8.33775,-8.28625,-8.16575,-7.97906,-7.73065,-7.42646,-7.0736,-6.67988,-6.25354,-5.80279,-5.33547,-4.85879,-4.37904,-3.90144,-3.43008,-2.96783,-2.51641,-2.07644,-1.64756,-1.22859,-0.817662,-0.412376,-0.01
50,46.6461,43.2976,39.9601,36.6397,33.3427,30.0765,26.8492,23.6712,20.5568,17.5282,14.6228,11.8965,9.4199,7.26436,5.49622,4.20397,3.20254,2.41184,2.37716,2.35834,2.26018,2.09571,1.8903,1.66555,1.43756,1.21751,1.0127,0.82752,0.664235,0.523624,0.405332,0.308108,0.23002,0.168756,0.121795,0.0866056,0.0606248,0.0417067,0.0282839,0.0187826,0.0120615,0.00761563,0.00450872,0.00204802,0,0,-0.108225,-0.186568,-0.29591,-0.413168,-0.551563,-0.706355,-0.876169,-1.06324,-1.26978,-1.49776,-1.74844,-2.02246,-2.32005,-2.64092,-2.98413,-3.34805,-3.73025,-4.12745,-4.53552,-4.9494,-5.36317,-5.77011,-6.16284,-6.53351,-6.87407,-7.17655,-7.43342,-7.63791,-7.78437,-7.86851,-7.88765,-7.84087,-7.72904,-7.55476,-7.32222,-7.03699,-6.70566,-6.33557,-5.93437,-5.50976,-5.06906,-4.61902,-4.16554,-3.71355,-3.2669,-2.82831,-2.39944,-1.98094,-1.57252,-1.17314,-0.781095,-0.394216,-0.01
50,46.5435,43.0914,39.648,36.218,32.8062,29.4176,26.0575,22.7316,19.4486,16.2259,13.0994,10.1336,7.42074,5.06499,3.15677,2.15354,1.32621,0,1.1419,1.54917,1.66683,1.64261,1.54093,1.39711,1.23327,1.06409,0.899356,0.745485,0.606444,0.484383,0.380058,0.293122,0.222385,0.166116,0.122303,0.0888556,0.0637335,0.0451363,0.0315805,0.0217893,0.0147744,0.00983784,0.00632148,0.00374216,0.00189542,0.000909614,0,0,-0.130833,-0.227983,-0.368966,-0.522945,-0.686598,-0.866534,-1.06554,-1.28635,-1.52983,-1.79613,-2.0852,-2.39653,-2.72896,-3.08063,-3.44897,-3.83069,-4.22173,-4.61726,-5.01168,-5.39871,-5.77149,-6.12278,-6.44515,-6.73128,-6.97426,-7.1679,-7.30701,-7.38769,-7.40751,-7.36564,-7.26292,-7.10176,-6.88605,-6.62092,-6.31249,-5.9675,-5.59307,-5.19629,-4.78396,-4.36234,-3.93691,-3.51227,-3.09202,-2.67874,-2.27402,-1.87851,-1.49202,-1.11363,-0.741852,-0.374725,-0.01
50,46.4486,42.9005,39.3592,35.828,32.31,28.808,25.3235,21.8567,18.4079,14.983,11.6047,8.32758,5.25614,2.55538,0,0,0,0,0.648455,1.03426,1.21779,1.26902,1.2365,1.15256,1.03924,0.911866,0.781208,0.654763,0.537607,0.432922,0.342342,0.266237,0.203918,0.154019,0.11486,0.0846808,0.0617816,0.0446292,0.0319282,0.0226077,0.0158212,0.0109201,0.0073786,0.00481031,0.00298243,0.00176717,0.000909613,0.000442992,0,0,-0.17513,-0.332421,-0.484125,-0.654963,-0.844521,-1.05795,-1.29458,-1.55341,-1.83428,-2.13651,-2.45862,-2.79846,-3.15323,-3.51959,-3.89355,-4.2705,-4.64519,-5.01181,-5.36408,-5.69536,-5.99891,-6.2681,-6.49666,-6.679,-6.81044,-6.88747,-6.90791,-6.87107,-6.77771,-6.63009,-6.43176,-6.18743,-5.90269,-5.58373,-5.23705,-4.86915,-4.48629,-4.0942,-3.69795,-3.30179,-2.90906,-2.52218,-2.14267,-1.7712,-1.40765,-1.05125,-0.700704,-0.354286,-0.01
50,46.3642,42.7311,39.1033,35.4832,31.8725,28.2721,24.6803,21.0916,17.4967,13.8834,10.2408,6.56429,2.92188,0,-2.7333e-28,-2.97399e-28,-1.62664e-28,0,0.420533,0.724635,0.903914,0.982447,0.98756,0.942369,0.864955,0.769099,0.66519,0.560991,0.462202,0.372755,0.294941,0.229712,0.176528,0.134072,0.100778,0.0750879,0.0555361,0.0407848,0.0297336,0.0215098,0.0154279,0.0109547,0.00767359,0.0052734,0.00353766,0.00231202,0.00144923,0.000871342,0.000455594,0.000223297,0,-0.149155,-0.264964,-0.427936,-0.603706,-0.81118,-1.04259,-1.29453,-1.56793,-1.86217,-2.17522,-2.50441,-2.84665,-3.19849,-3.55601,-3.91482,-4.27007,-4.61642,-4.94818,-5.25939,-5.54402,-5.79612,-6.01011,-6.18101,-6.30467,-6.37798,-6.39903,-6.36723,-6.28333,-6.14938,-5.96862,-5.74533,-5.48458,-5.19198,-4.87344,-4.53486,-4.18192,-3.81986,-3.45331,-3.08616,-2.72151,-2.3616,-2.00787,-1.66101,-1.32097,-0.987144,-0.658406,-0.333271,-0.01
50,46.2929,42.5882,38.888,35.1945,31.5086,27.8298,24.1546,20.4739,16.7704,13.014,9.1429,4.99032,0,-3.19198e-28,-5.54632e-28,-4.91126e-28,-2.09723e-28,0,0.310879,0.542651,0.6943,0.773572,0.79399,0.77014,0.715324,0.640808,0.555828,0.467889,0.383068,0.305983,0.239347,0.184896,0.141565,0.107565,0.0812056,0.0610467,0.0458233,0.0342764,0.0255033,0.0188645,0.0138625,0.0101103,0.00730577,0.00521803,0.0036759,0.00255018,0.00173512,0.00115336,0.000734118,0.00043983,0.000203414,0,0,-0.19028,-0.334151,-0.544272,-0.774628,-1.01933,-1.28622,-1.57445,-1.88064,-2.20123,-2.53276,-2.87163,-3.21401,-3.55576,-3.89241,-4.21917,-4.53097,-4.82254,-5.08857,-5.32383,-5.52345,-5.68306,-5.79903,-5.86865,-5.8903,-5.86349,-5.78895,-5.66854,-5.5052,-5.30278,-5.06585,-4.79945,-4.50888,-4.19947,-3.87635,-3.54424,-3.20734,-2.8692,-2.53265,-2.19977,-1.87194,-1.54982,-1.23347,-0.922395,-0.61567,-0.312034,-0.01
50,46.2362,42.4749,38.7186,34.9692,31.2278,27.4938,23.7629,20.0255,16.2629,12.4442,8.51775,4.39981,0,-4.40119e-28,-6.4499e-28,-4.69113e-28,0,0.104204,0.282376,0.444163,0.56142,0.628713,0.6505,0.63514,0.591867,0.529414,0.455577,0.377347,0.301269,0.23317,0.175315,0.132102,0.0998778,0.0755597,0.0571727,0.0434712,0.0335538,0.025878,0.0198263,0.0151079,0.0114413,0.00860679,0.00642647,0.00475833,0.00349094,0.00253613,0.00182199,0.00129125,0.000896198,0.000601614,0.000374357,0.000202202,0.000103953,0,0,-0.259705,-0.495775,-0.726149,-0.987913,-1.27383,-1.57666,-1.89163,-2.21498,-2.54309,-2.87223,-3.19852,-3.51794,-3.82624,-4.11904,-4.39178,-4.6399,-4.85892,-5.04463,-5.19329,-5.30181,-5.36786,-5.3901,-5.36816,-5.30272,-5.19551,-5.04914,-4.86707,-4.65337,-4.41253,-4.1493,-3.86842,-3.57448,-3.27173,-2.96394,-2.65432,-2.34544,-2.03924,-1.73698,-1.43936,-1.14648,-0.857991,-0.573146,-0.290899,-0.01
50,46.1948,42.3928,38.5971,34.8104,31.0342,27.2684,23.5096,19.7491,15.9703,12.1462,8.23649,4.19272,0,-4.07033e-28,-5.45859e-28,-3.25792e-28,0,0.135816,0.273279,0.394538,0.483798,0.535334,0.550575,0.534671,0.494157,0.435667,0.365458,0.289705,0.215774,0.153647,0.0994852,0.0706254,0.0521662,0.0391557,0.0296999,0.023125,0.0198749,0.0165324,0.0133566,0.0107236,0.00851372,0.00669314,0.00521277,0.00402291,0.00307776,0.00233542,0.0017577,0.00131088,0.000965704,0.000698415,0.000489753,0.000329147,0.000212431,0.000119671,6.24841e-05,0,-0.224851,-0.404638,-0.669277,-0.960722,-1.26528,-1.57836,-1.89671,-2.21685,-2.53515,-2.84802,-3.1519,-3.44322,-3.71827,-3.97328,-4.20444,-4.40802,-4.58049,-4.71872,-4.82013,-4.88279,-4.9056,-4.88832,-4.83162,-4.73705,-4.60696,-4.44441,-4.253,-4.03673,-3.79978,-3.54638,-3.28058,-3.00616,-2.72651,-2.44451,-2.16248,-1.88219,-1.60484,-1.33111,-1.06118,-0.794802,-0.531408,-0.270148,-0.01
50,46.1686,42.3416,38.5232,34.7171,30.926,27.151,23.3901,19.6366,15.8765,12.0854,8.22138,4.21641,0,-2.81599e-28,-3.22309e-28,0,0.057582,0.168108,0.284535,0.382366,0.450195,0.48503,0.488765,0.465705,0.420984,0.359619,0.286065,0.204472,0.121724,0.0685691,0,0,0,0,0,0,0.00678919,0.00745809,0.00671172,0.00621868,0.00543884,0.00462711,0.00384943,0.00314433,0.00253156,0.00201527,0.00158943,0.00124292,0.00096286,0.00073699,0.000554827,0.000408987,0.000293881,0.000201518,0.000128887,6.30119e-05,0,0,-0.326498,-0.638028,-0.949611,-1.26442,-1.58133,-1.89678,-2.20706,-2.50882,-2.79911,-3.07505,-3.33377,-3.57229,-3.78759,-3.97667,-4.1367,-4.26511,-4.35982,-4.41928,-4.44263,-4.42976,-4.3813,-4.29867,-4.18395,-4.03985,-3.86955,-3.67654,-3.46451,-3.23718,-2.99812,-2.75068,-2.49786,-2.24224,-1.9859,-1.73047,-1.47707,-1.22635,-0.97856,-0.733565,-0.49094,-0.250023,-0.01
50,46.1566,42.3192,38.4934,34.6846,30.897,27.1334,23.3939,19.6746,15.966,12.2489,8.47919,4.53365,0,-1.47042e-28,-1.75679e-28,0,0.0635194,0.197974,0.319777,0.406886,0.456975,0.473467,0.461305,0.425594,0.371028,0.301449,0.219272,0.123645,0,0,-6.83708e-05,-0.000107258,-0.000131768,-0.000144543,-0.000141828,-0.000109372,0,0,0,0.00217665,0.00254968,0.00265465,0.00251408,0.00224843,0.00194154,0.00163887,0.00136173,0.00111793,0.00090813,0.000729753,0.000579144,0.000452839,0.00034753,0.000259396,0.000185431,0.000121494,6.81405e-05,3.52327e-05,0,-0.317726,-0.63413,-0.952599,-1.27211,-1.58682,-1.89222,-2.1853,-2.4639,-2.72607,-2.96985,-3.19314,-3.39371,-3.56929,-3.7177,-3.83694,-3.92539,-3.98185,-4.00569,-3.99689,-3.95611,-3.88459,-3.7842,-3.65731,-3.5067,-3.33543,-3.14671,-2.9438,-2.72984,-2.50776,-2.28021,-2.04948,-1.81744,-1.58557,-1.35491,-1.1261,-0.899433,-0.674876,-0.452136,-0.23072,-0.01
50,46.1572,42.3222,38.5025,34.7054,30.9371,27.2025,23.5047,19.8438,16.2182,12.6246,9.06083,5.53961,2.2002,0,-7.68415e-29,-3.13773e-29,0,0.244861,0.396414,0.476504,0.505996,0.499209,0.465669,0.411965,0.342797,0.261388,0.169926,0.0730261,0,-8.69124e-05,-0.000166115,-0.000228753,-0.000275145,-0.000304482,-0.000313337,-0.000295631,-0.000247748,-0.000208727,-0.000144732,0,0,0.000998873,0.00136617,0.00144321,0.00138301,0.00126002,0.0011133,0.000963482,0.000820884,0.000690076,0.0005726,0.000468525,0.000377118,0.000297093,0.000227137,0.000165972,0.00011379,7.16889e-05,3.3811e-05,0,-0.319022,-0.643245,-0.972093,-1.29127,-1.59512,-1.88173,-2.15026,-2.4,-2.63004,-2.83922,-3.0261,-3.18914,-3.32674,-3.43746,-3.52007,-3.5737,-3.59794,-3.59286,-3.5591,-3.49779,-3.41058,-3.29953,-3.16708,-3.01588,-2.84872,-2.66842,-2.47773,-2.27921,-2.07518,-1.86767,-1.65836,-1.44858,-1.23929,-1.03112,-0.824407,-0.61919,-0.4153,-0.21239,-0.01
50,46.1681,42.3461,38.5435,34.7697,31.0333,27.3417,23.7013,20.1169,16.5939,13.1409,9.77302,6.50825,3.33544,0,-3.13773e-29,-2.03052e-29,0,0.390385,0.552935,0.60657,0.601503,0.561616,0.499427,0.422092,0.333908,0.236952,0.129648,0,-8.02988e-05,-0.000181353,-0.000280138,-0.000366188,-0.000435312,-0.000484705,-0.000511283,-0.000511997,-0.000486604,-0.000442418,-0.000370201,-0.000263285,-0.00016168,0,0.000539664,0.000803277,0.000908401,0.000918202,0.000874034,0.000802001,0.000717721,0.000630159,0.000544292,0.000462784,0.000386938,0.00031724,0.000253792,0.00019658,0.00014584,0.000101629,6.24492e-05,2.82225e-05,0,-0.331847,-0.685577,-1.01593,-1.32097,-1.60244,-1.86181,-2.09993,-2.31708,-2.51301,-2.6871,-2.83842,-2.96597,-3.06874,-3.14589,-3.19684,-3.22135,-3.21959,-3.19216,-3.1401,-3.06486,-2.96824,-2.85234,-2.71945,-2.572,-2.41241,-2.24307,-2.06622,-1.88387,-1.69781,-1.50954,-1.32026,-1.13087,-0.941967,-0.753915,-0.566831,-0.380645,-0.19514,-0.01
50,46.187,42.3859,38.6085,34.8664,31.1707,27.5317,23.959,20.4621,17.0522,13.7465,10.5714,7.56189,4.74929,2.155,0,0,0.553907,0.772026,0.829844,0.807772,0.744105,0.657849,0.558805,0.452306,0.341567,0.228745,0.115049,0,-0.000139643,-0.00027767,-0.000406392,-0.00052005,-0.000614792,-0.000687439,-0.000734895,-0.000754362,-0.000744203,-0.000704124,-0.000630367,-0.000521263,-0.000383441,-0.000205433,0,0.000334703,0.000539427,0.000636155,0.000663623,0.000649529,0.00061138,0.000559969,0.000501955,0.000441483,0.000381147,0.000322583,0.000266855,0.000214712,0.000166733,0.000123227,8.40628e-05,4.94931e-05,2.04975e-05,0,-0.42545,-0.770329,-1.07598,-1.35177,-1.60172,-1.82828,-2.03287,-2.21611,-2.37805,-2.51835,-2.63646,-2.73179,-2.80381,-2.85218,-2.8768,-2.87793,-2.85613,-2.81235,-2.74786,-2.66422,-2.56324,-2.4469,-2.31728,-2.17648,-2.02654,-1.86941,-1.70686,-1.54043,-1.37148,-1.20107,-1.03003,-0.858957,-0.688221,-0.517998,-0.348305,-0.179036,-0.01
50,46.2111,42.4362,38.6892,34.9839,31.3338,27.7521,24.2516,20.8459,17.551,14.3892,11.3938,8.61149,6.10191,3.95111,2.34646,1.66261,1.45645,1.33034,1.20342,1.06667,0.924225,0.78037,0.637601,0.497146,0.359937,0.227807,0.105269,0,-0.000200264,-0.00038269,-0.000546992,-0.000692135,-0.000815793,-0.000914951,-0.000986236,-0.00102621,-0.00103166,-0.000999488,-0.000925881,-0.000807969,-0.000645397,-0.000438297,-0.000204025,0,0.000281864,0.000424187,0.00049233,0.0005156,0.000510351,0.000486798,0.000451666,0.000409515,0.000363507,0.000315884,0.00026828,0.000221925,0.000177753,0.000136411,9.82637e-05,6.35155e-05,3.17998e-05,0,-0.247968,-0.567742,-0.86613,-1.13337,-1.37239,-1.58666,-1.7785,-1.94924,-2.09944,-2.22922,-2.33841,-2.42671,-2.49386,-2.5397,-2.56427,-2.56783,-2.55096,-2.51449,-2.45954,-2.38746,-2.29981,-2.19828,-2.08465,-1.96073,-1.82827,-1.68895,-1.54431,-1.39571,-1.24434,-1.09116,-0.936931,-0.782232,-0.627441,-0.472783,-0.318345,-0.164112,-0.01
50,46.2379,42.4917,38.7774,35.1107,31.5074,27.9832,24.5539,21.2362,18.0494,15.0184,12.1779,9.57455,7.26721,5.3276,3.8456,2.89404,2.31364,1.91732,1.61037,1.35177,1.12373,0.917475,0.72761,0.550228,0.382566,0.223976,0.0816529,0,-0.000278263,-0.000505055,-0.000705843,-0.000884844,-0.00104059,-0.00116983,-0.00126857,-0.00133241,-0.00135665,-0.00133627,-0.00126571,-0.00113935,-0.000951897,-0.000698347,-0.000377806,0,0.000163772,0.000284515,0.000361593,0.000403506,0.000419015,0.00041528,0.000397803,0.00037074,0.000337243,0.000299729,0.000260088,0.000219812,0.00018009,0.000141838,0.000105747,7.23461e-05,4.21012e-05,1.60147e-05,0,-0.389653,-0.692188,-0.94935,-1.17513,-1.37566,-1.55411,-1.71224,-1.85093,-1.97057,-2.07123,-2.15284,-2.21533,-2.25865,-2.28295,-2.28851,-2.27587,-2.24578,-2.1992,-2.13732,-2.06146,-1.97306,-1.87366,-1.76478,-1.64794,-1.52458,-1.39604,-1.26351,-1.12803,-0.990465,-0.851534,-0.711771,-0.571569,-0.431184,-0.290764,-0.150368,-0.01
50,46.265,42.5477,38.8656,35.2363,31.6776,28.2072,24.8432,21.6046,18.5125,15.5924,12.8764,10.4046,8.22354,6.38015,4.91216,3.82291,3.03594,2.45207,1.99868,1.63106,1.32245,1.05599,0.820072,0.605881,0.405691,0.210224,0,-0.000165674,-0.000407161,-0.000652504,-0.000885438,-0.00109984,-0.00129112,-0.00145467,-0.00158547,-0.00167802,-0.0017262,-0.00172321,-0.00166134,-0.00153186,-0.00132452,-0.0010254,-0.000608862,0,8.76102e-05,0.000185638,0.000261077,0.000310881,0.000338355,0.000347812,0.000343246,0.000328043,0.000304999,0.000276418,0.000244203,0.000209941,0.000174952,0.000140326,0.000106947,7.55534e-05,4.68043e-05,2.14095e-05,0,-0.301041,-0.567824,-0.802452,-1.01012,-1.19476,-1.35892,-1.50418,-1.63146,-1.74123,-1.83368,-1.90888,-1.96685,-2.00766,-2.03147,-2.03859,-2.02952,-2.00492,-1.96563,-1.91265,-1.84713,-1.7703,-1.68344,-1.58788,-1.4849,-1.37575,-1.26158,-1.14343,-1.02222,-0.898745,-0.77364,-0.647426,-0.520494,-0.393126,-0.265515,-0.137782,-0.01
50,46.2903,42.5997,38.9471,35.3517,31.8327,28.4093,25.1013,21.929,18.9144,16.0819,13.4599,11.0803,8.97659,7.17715,5.69635,4.52267,3.61026,2.89898,2.33555,1.87973,1.50269,1.18359,0.906858,0.660249,0.433396,0.216502,0,-0.000255228,-0.000531479,-0.000811351,-0.00108248,-0.00133694,-0.00156859,-0.0017717,-0.00194029,-0.0020678,-0.00214686,-0.00216904,-0.00212459,-0.00200225,-0.00178893,-0.00146991,-0.00103225,-0.000487198,0,0.000106554,0.000181473,0.000234074,0.000267739,0.000285366,0.000289761,0.000283504,0.000268889,0.000247929,0.000222389,0.000193819,0.00016357,0.000132807,0.000102518,7.35344e-05,4.65515e-05,2.20856e-05,0,-0.248667,-0.479353,-0.687771,-0.874716,-1.04199,-1.19117,-1.32338,-1.43936,-1.53951,-1.62404,-1.69306,-1.74665,-1.7849,-1.80802,-1.8163,-1.81018,-1.79024,-1.75721,-1.71196,-1.65544,-1.5887,-1.51284,-1.42899,-1.33824,-1.24165,-1.14024,-1.0349,-0.926452,-0.815597,-0.702933,-0.588946,-0.474026,-0.358472,-0.24251,-0.12631,-0.01
50,46.312,42.6442,39.0166,35.4495,31.9632,28.5779,25.3144,22.1937,19.2378,16.4696,13.9138,11.5954,9.53796,7.75829,6.26074,5.0319,4.04,3.24373,2.60234,2.0808,1.6508,1.28993,0.980384,0.707786,0.460159,0.227158,0,-0.000323365,-0.000651411,-0.000977948,-0.00129513,-0.00159591,-0.00187388,-0.00212276,-0.00233589,-0.00250589,-0.00262435,-0.00268148,-0.00266578,-0.00256367,-0.00235908,-0.00203306,-0.00156304,-0.000916545,0,5.70182e-05,0.000120213,0.000170551,0.000206148,0.000228164,0.000238373,0.000238596,0.000230574,0.000215944,0.000196234,0.00017287,0.000147164,0.000120294,9.3284e-05,6.70001e-05,4.21884e-05,1.96252e-05,0,-0.216011,-0.416493,-0.599343,-0.765014,-0.914418,-1.0484,-1.16761,-1.27249,-1.3633,-1.4402,-1.50327,-1.5526,-1.58829,-1.61052,-1.61957,-1.61583,-1.59981,-1.57211,-1.53349,-1.48474,-1.42677,-1.3605,-1.28688,-1.20685,-1.12134,-1.03119,-0.937206,-0.840106,-0.740524,-0.639004,-0.536008,-0.431917,-0.327042,-0.221633,-0.115895,-0.01
50,46.3288,42.6785,39.07,35.5242,32.0622,28.7048,25.4732,22.3887,19.4728,16.7472,14.2335,11.9521,9.92007,8.14806,6.6362,5.37196,4.33085,3.48102,2.78899,2.22345,1.75712,1.36708,1.03437,0.743382,0.481096,0.236463,0,-0.000386436,-0.000772153,-0.00115301,-0.00152328,-0.00187689,-0.00220765,-0.00250915,-0.00277437,-0.00299542,-0.00316315,-0.00326676,-0.00329341,-0.0032276,-0.00305068,-0.00274024,-0.00227032,-0.00161594,-0.000783246,0,6.88079e-05,0.00011721,0.000152304,0.000175998,0.000189623,0.00019435,0.000191369,0.000181891,0.000167156,0.00014842,0.00012692,0.000103819,8.01366e-05,5.67027e-05,3.41337e-05,1.35556e-05,0,-0.200441,-0.374271,-0.532405,-0.677054,-0.808763,-0.927785,-1.0343,-1.12844,-1.21028,-1.27986,-1.33723,-1.38242,-1.41553,-1.43671,-1.4462,-1.44433,-1.43154,-1.40834,-1.37537,-1.3333,-1.28289,-1.22493,-1.16021,-1.08956,-1.01374,-0.933505,-0.849551,-0.762511,-0.672956,-0.581387,-0.488238,-0.393879,-0.298626,-0.202746,-0.106469,-0.01
50,46.3397,42.7008,39.1045,35.5721,32.1251,28.7846,25.5719,22.5082,19.6145,16.9116,14.4192,12.1552,10.1335,8.36196,6.83951,5.55486,4.48713,3.6089,2.89004,2.30111,1.81534,1.40957,1.06431,0.763317,0.493023,0.24193,0,-0.000449907,-0.000897178,-0.00133795,-0.00176738,-0.00218007,-0.00257022,-0.00293149,-0.00325685,-0.0035382,-0.00376605,-0.00392905,-0.00401352,-0.00400269,-0.00387583,-0.00360689,-0.00316206,-0.00249361,-0.00151703,0,3.59156e-05,7.38053e-05,0.000105301,0.000128451,0.000143738,0.00015149,0.000152331,0.000147006,0.000136436,0.000121695,0.000103951,8.43826e-05,6.40022e-05,4.36024e-05,2.29213e-05,0,-0.0807437,-0.212936,-0.350466,-0.482825,-0.606947,-0.721638,-0.826332,-0.920724,-1.00464,-1.07795,-1.1406,-1.19252,-1.23373,-1.26427,-1.28426,-1.2939,-1.29346,-1.2833,-1.26387,-1.23567,-1.19931,-1.15539,-1.1046,-1.0476,-0.985099,-0.917756,-0.846218,-0.771094,-0.692948,-0.612292,-0.529585,-0.445235,-0.359602,-0.272998,-0.185701,-0.0979594,-0.01
50,46.3443,42.71,39.1186,35.5914,32.1497,28.8148,25.6078,22.5497,19.6612,16.9625,14.4726,12.2089,10.1848,8.40803,6.87835,5.58566,4.51039,3.62592,2.90237,2.31007,1.82189,1.41433,1.06763,0.765464,0.494233,0.242441,0,-0.000515776,-0.00102827,-0.00153371,-0.0020277,-0.00250536,-0.00296131,-0.00338954,-0.00378324,-0.00413446,-0.0044338,-0.00466991,-0.00482896,-0.00489382,-0.00484307,-0.00464943,-0.00427737,-0.00367937,-0.00279124,-0.00154151,0,3.45633e-05,6.33673e-05,8.46693e-05,0.000100708,0.000110532,0.000114362,0.000112405,0.000105258,9.38289e-05,7.92594e-05,6.28763e-05,4.57008e-05,2.92944e-05,1.31663e-05,0,-0.110597,-0.221599,-0.334338,-0.44495,-0.550637,-0.649697,-0.741096,-0.824184,-0.898539,-0.963875,-1.02,-1.06679,-1.10418,-1.13219,-1.1509,-1.16044,-1.16104,-1.153,-1.13667,-1.11251,-1.08098,-1.04262,-0.997984,-0.947662,-0.892234,-0.832276,-0.76835,-0.700987,-0.630687,-0.557913,-0.483086,-0.406588,-0.328763,-0.249922,-0.170344,-0.0902895,-0.01
50,46.3425,42.7062,39.1123,35.5818,32.136,28.7955,25.5812,22.5137,19.6135,16.9008,14.3951,12.1147,10.0752,8.28699,6.75247,5.46305,4.3986,3.52993,2.82407,2.24886,1.7757,1.38053,1.0437,0.749284,0.484253,0.237681,0,-0.000584755,-0.00116614,-0.00174055,-0.00230398,-0.00285206,-0.0033799,-0.00388199,-0.00435203,-0.00478259,-0.00516479,-0.00548787,-0.0057386,-0.00590058,-0.00595319,-0.00587032,-0.00561855,-0.00515513,-0.00442694,-0.00337471,-0.00194514,0,2.69091e-05,4.33932e-05,6.05624e-05,7.18703e-05,7.83247e-05,7.91809e-05,7.47804e-05,6.59023e-05,5.36755e-05,4.00151e-05,2.50699e-05,1.3708e-05,0,-0.0596561,-0.140768,-0.230015,-0.322628,-0.415086,-0.504797,-0.589962,-0.669353,-0.742127,-0.807701,-0.865665,-0.915734,-0.957717,-0.991503,-1.01706,-1.0344,-1.04365,-1.04497,-1.0386,-1.02483,-1.00403,-0.976592,-0.942964,-0.903619,-0.859047,-0.809749,-0.756219,-0.698945,-0.638394,-0.575011,-0.509212,-0.441385,-0.371886,-0.301044,-0.229162,-0.156521,-0.0833828,-0.01
50,46.3347,42.6901,39.0867,35.5452,32.0859,28.7291,25.4948,22.4032,19.4744,16.729,14.1878,11.8718,9.80128,7.99273,6.45409,5.1794,4.14624,3.31815,2.65464,2.1184,1.67832,1.30984,0.993934,0.715817,0.463724,0.227937,0,-0.000656992,-0.0013108,-0.00195812,-0.00259539,-0.0032188,-0.00382407,-0.00440642,-0.00496027,-0.00547907,-0.00595492,-0.00637819,-0.00673702,-0.00701668,-0.00719874,-0.00726001,-0.00717122,-0.00689548,-0.00638646,-0.00558505,-0.00440572,-0.00267628,0,0,2.42549e-05,3.56405e-05,4.52298e-05,4.85191e-05,4.62298e-05,3.90746e-05,2.76921e-05,1.70725e-05,0,0,-0.044405,-0.0981887,-0.163645,-0.236501,-0.313149,-0.390685,-0.466849,-0.539939,-0.608707,-0.672239,-0.729871,-0.781116,-0.825626,-0.863158,-0.893556,-0.916742,-0.932709,-0.941517,-0.94329,-0.938213,-0.926526,-0.90852,-0.884531,-0.854927,-0.820107,-0.780487,-0.736494,-0.688554,-0.637092,-0.582519,-0.52523,-0.465603,-0.403993,-0.340732,-0.276134,-0.210491,-0.14408,-0.077165,-0.01
50,46.3218,42.6634,39.0446,35.4849,32.0039,28.6207,25.3544,22.2242,19.2497,16.4516,13.8527,11.4784,9.35656,7.51404,5.96896,4.72114,3.74526,2.98873,2.39656,1.92324,1.53477,1.20679,0.921986,0.667722,0.434345,0.214028,0,-0.000732338,-0.00146182,-0.00218555,-0.00290051,-0.00360351,-0.00429107,-0.00495925,-0.00560353,-0.0062185,-0.00679763,-0.00733295,-0.00781459,-0.00823033,-0.00856497,-0.00879957,-0.00891059,-0.00886881,-0.00863799,-0.00817293,-0.00741608,-0.00629916,-0.00480741,-0.00335663,0,0,1.68968e-05,2.17815e-05,2.09668e-05,1.51396e-05,0,0,-0.0231018,-0.0438389,-0.0796295,-0.125537,-0.180002,-0.24054,-0.304629,-0.370025,-0.434852,-0.49761,-0.557123,-0.612492,-0.663031,-0.708222,-0.74768,-0.781127,-0.808375,-0.829312,-0.843897,-0.852155,-0.854169,-0.850077,-0.84007,-0.824384,-0.803293,-0.777106,-0.746157,-0.710799,-0.671396,-0.628319,-0.581936,-0.532611,-0.480696,-0.426533,-0.370448,-0.312751,-0.253738,-0.193691,-0.13288,-0.0715652,-0.01
50,46.305,42.6286,38.9896,35.4062,31.8965,28.4783,25.1691,21.9867,18.9494,16.0778,13.3964,10.9363,8.73632,6.83862,5.27816,4.06811,3.18739,2.54464,2.0587,1.67388,1.35477,1.07939,0.833934,0.609277,0.398806,0.197247,0,-0.000810476,-0.00161849,-0.00242162,-0.00321745,-0.00400355,-0.00477732,-0.00553592,-0.00627604,-0.00699372,-0.00768414,-0.00834135,-0.008958,-0.00952497,-0.0100311,-0.0104625,-0.0108024,-0.0110307,-0.0111232,-0.011052,-0.0107859,-0.0102963,-0.00957342,-0.00861882,-0.00703714,-0.00525235,0,0,0,0,-0.0161995,-0.0288644,-0.048633,-0.0727687,-0.105046,-0.144874,-0.191144,-0.242249,-0.296422,-0.351966,-0.407375,-0.461371,-0.512908,-0.561143,-0.605413,-0.6452,-0.680107,-0.709837,-0.734181,-0.753002,-0.766235,-0.77387,-0.775958,-0.772599,-0.763939,-0.750168,-0.731511,-0.708224,-0.680586,-0.648899,-0.613473,-0.57463,-0.532691,-0.487979,-0.440809,-0.39149,-0.340322,-0.287593,-0.233582,-0.17856,-0.122787,-0.066517,-0.01
50,46.2859,42.5891,38.9268,35.3158,31.7725,28.3127,24.9519,21.7054,18.5895,15.6237,12.8338,10.257,7.94466,5.95883,4.35785,3.18309,2.46636,2.0003,1.66175,1.38977,1.1541,0.939507,0.73828,0.546237,0.360645,0.179271,0,-0.000891016,-0.00177995,-0.00266485,-0.00354398,-0.00441574,-0.00527861,-0.00613096,-0.0069709,-0.00779614,-0.0086038,-0.00939025,-0.010151,-0.0108804,-0.0115716,-0.0122165,-0.0128055,-0.0133277,-0.0137715,-0.014125,-0.0143781,-0.0145259,-0.0145703,-0.0145074,-0.0142771,-0.0139723,-0.0134395,-0.014939,-0.0180792,-0.0238664,-0.0359583,-0.0506802,-0.0699137,-0.0937654,-0.123262,-0.158317,-0.198245,-0.24197,-0.288237,-0.335767,-0.383365,-0.429971,-0.474676,-0.516724,-0.555496,-0.590496,-0.621332,-0.647704,-0.669391,-0.686241,-0.698168,-0.70514,-0.707176,-0.704347,-0.696762,-0.684571,-0.667957,-0.647131,-0.622331,-0.593809,-0.561835,-0.526685,-0.488643,-0.447995,-0.405022,-0.360006,-0.313221,-0.264936,-0.215414,-0.164911,-0.113677,-0.0619593,-0.01
50,46.2665,42.5487,38.8624,35.2223,31.643,28.1379,24.7196,21.4005,18.1935,15.1156,12.1924,9.4658,6.99916,4.87339,3.16953,1.95775,1.58167,1.39286,1.24444,1.10155,0.954869,0.802502,0.645415,0.485377,0.323923,0.161998,0,-0.000973573,-0.00194531,-0.00291369,-0.00387768,-0.00483665,-0.00579025,-0.00673824,-0.00768034,-0.00861604,-0.00954457,-0.0104648,-0.0113752,-0.0122737,-0.0131582,-0.014026,-0.0148747,-0.0157025,-0.0165091,-0.0172971,-0.0180745,-0.0188574,-0.0196731,-0.0205626,-0.021591,-0.0229208,-0.0248489,-0.0282423,-0.0335217,-0.0414496,-0.0531321,-0.0680672,-0.086718,-0.109346,-0.13627,-0.167398,-0.202253,-0.240082,-0.279966,-0.320937,-0.362048,-0.402428,-0.441304,-0.47801,-0.511985,-0.542768,-0.569984,-0.59334,-0.612613,-0.627643,-0.638328,-0.644618,-0.646513,-0.644053,-0.637321,-0.626432,-0.611536,-0.592806,-0.570441,-0.544657,-0.515685,-0.483766,-0.449151,-0.412091,-0.372841,-0.331657,-0.28879,-0.24449,-0.199004,-0.152574,-0.105439,-0.0578365,-0.01
50,46.2489,42.5119,38.803,35.1352,31.5207,27.9701,24.493,21.0974,17.792,14.5889,11.5106,8.59946,5.92463,3.57927,1.65927,0,0.588693,0.807929,0.868325,0.849296,0.782956,0.685211,0.566289,0.433647,0.292721,0.147311,0,-0.00105788,-0.00211386,-0.00316672,-0.00421616,-0.00526267,-0.00630725,-0.00735122,-0.00839598,-0.00944295,-0.0104935,-0.011549,-0.012611,-0.0136809,-0.014761,-0.015854,-0.016964,-0.0180974,-0.0192639,-0.0204784,-0.0217638,-0.0231541,-0.0247002,-0.0264775,-0.0286029,-0.031272,-0.0347966,-0.039668,-0.0463322,-0.0553089,-0.0671084,-0.0818306,-0.0996917,-0.120853,-0.1454,-0.173203,-0.203897,-0.236921,-0.271587,-0.307147,-0.342849,-0.377979,-0.411885,-0.443989,-0.473794,-0.500876,-0.524887,-0.545548,-0.562639,-0.575998,-0.585516,-0.591129,-0.592818,-0.590606,-0.584548,-0.574735,-0.561286,-0.544345,-0.524078,-0.50067,-0.474319,-0.445237,-0.413643,-0.379764,-0.343827,-0.306066,-0.266711,-0.225995,-0.184147,-0.141397,-0.0979725,-0.0540984,-0.01
50,46.2353,42.4833,38.756,35.0647,31.4193,27.8275,24.2952,20.8256,17.4209,14.0853,10.8323,7.69542,4.73642,2.0521,0,-1.62883e-51,0,0.426126,0.610482,0.672761,0.661824,0.602487,0.510483,0.39707,0.270515,0.136774,0,-0.00114392,-0.00228528,-0.00342288,-0.00455726,-0.00569028,-0.00682457,-0.00796314,-0.00910919,-0.0102661,-0.0114373,-0.0126267,-0.0138385,-0.0150778,-0.0163505,-0.0176643,-0.0190291,-0.0204581,-0.0219693,-0.0235872,-0.0253459,-0.0272928,-0.029494,-0.0320421,-0.0350699,-0.0387681,-0.0434013,-0.0493103,-0.0568486,-0.0663787,-0.0782181,-0.092545,-0.109503,-0.129175,-0.151557,-0.176504,-0.203718,-0.232763,-0.263109,-0.294166,-0.325334,-0.356024,-0.38569,-0.413833,-0.440016,-0.463858,-0.485041,-0.503301,-0.51843,-0.530266,-0.538696,-0.54365,-0.545095,-0.543037,-0.537513,-0.528592,-0.516368,-0.50096,-0.482509,-0.461171,-0.437118,-0.410537,-0.381619,-0.350568,-0.317591,-0.282897,-0.246701,-0.209217,-0.17066,-0.131245,-0.0911869,-0.0507005,-0.01
50,46.2279,42.4671,38.7282,35.0207,31.3525,27.7285,24.1507,20.6168,17.1203,13.6519,10.2062,6.79405,3.44268,0,-3.75844e-51,-3.85713e-51,0,0.309192,0.501336,0.591228,0.604988,0.563928,0.484572,0.379803,0.259586,0.131326,0,-0.00123221,-0.00245998,-0.00368176,-0.00489926,-0.00611621,-0.00733723,-0.00856723,-0.00981128,-0.0110746,-0.0123627,-0.0136817,-0.0150384,-0.0164408,-0.0178985,-0.019423,-0.0210291,-0.0227354,-0.0245662,-0.0265529,-0.0287373,-0.0311745,-0.0339377,-0.0371244,-0.0408646,-0.045329,-0.0507332,-0.0573315,-0.0653904,-0.0751698,-0.0868916,-0.100708,-0.116719,-0.134959,-0.155386,-0.177856,-0.202118,-0.227824,-0.254551,-0.28183,-0.309171,-0.336092,-0.362131,-0.386862,-0.409901,-0.43091,-0.449601,-0.465729,-0.479098,-0.489553,-0.49698,-0.501304,-0.502484,-0.500512,-0.495412,-0.487234,-0.476054,-0.461968,-0.445096,-0.425571,-0.403544,-0.379176,-0.35264,-0.324116,-0.293791,-0.261858,-0.228513,-0.193954,-0.158381,-0.121997,-0.0850033,-0.0476033,-0.01
50,46.2284,42.4671,38.7255,35.012,31.3326,27.6903,24.0834,20.5039,16.9349,13.3469,9.70022,5.97456,2.34042,0,-5.06828e-51,-3.75843e-51,0,0.322396,0.511857,0.601751,0.615762,0.573626,0.491765,0.383719,0.260581,0.130949,0,-0.0013241,-0.00263948,-0.00394389,-0.00524103,-0.00653748,-0.00784041,-0.00915688,-0.0104938,-0.011858,-0.013257,-0.0146988,-0.0161924,-0.0177483,-0.019379,-0.0210994,-0.0229278,-0.0248869,-0.0270052,-0.0293187,-0.0318732,-0.0347269,-0.0379542,-0.0416497,-0.0459322,-0.0509484,-0.0568722,-0.063898,-0.0722255,-0.0820439,-0.0935125,-0.106744,-0.121803,-0.138696,-0.157364,-0.17767,-0.1994,-0.222269,-0.245934,-0.270013,-0.294106,-0.317811,-0.340738,-0.362523,-0.382831,-0.401364,-0.41786,-0.432099,-0.443895,-0.453103,-0.459612,-0.463342,-0.464249,-0.462317,-0.457556,-0.450002,-0.439717,-0.426779,-0.411289,-0.393362,-0.373128,-0.350731,-0.326323,-0.300067,-0.272131,-0.242692,-0.211929,-0.180026,-0.14717,-0.113548,-0.0793522,-0.0447721,-0.01
50,46.2382,42.486,38.7525,35.0451,31.3692,27.7264,24.1132,20.5179,16.9139,13.2477,9.41041,5.17202,0,-2.90519e-51,-4.54854e-51,0,0.231743,0.477587,0.634761,0.700968,0.693909,0.632366,0.5326,0.40847,0.272225,0.134285,0,-0.00142245,-0.00282694,-0.00421082,-0.00558193,-0.00695128,-0.00832942,-0.00972562,-0.0111485,-0.0126064,-0.0141083,-0.0156638,-0.0172838,-0.0189807,-0.0207694,-0.0226671,-0.0246947,-0.0268777,-0.029247,-0.031841,-0.0347065,-0.0379019,-0.0414984,-0.0455835,-0.0502619,-0.0556569,-0.0619082,-0.0691655,-0.0775787,-0.0872862,-0.0984018,-0.111004,-0.12513,-0.140767,-0.157849,-0.176252,-0.19579,-0.216226,-0.237275,-0.258624,-0.27994,-0.300886,-0.321133,-0.340368,-0.3583,-0.374665,-0.389231,-0.401796,-0.41219,-0.420277,-0.425948,-0.429128,-0.429766,-0.427841,-0.423354,-0.416332,-0.406821,-0.394887,-0.380615,-0.364105,-0.34547,-0.324835,-0.302339,-0.278127,-0.252352,-0.225175,-0.19676,-0.167278,-0.136902,-0.105808,-0.0741726,-0.0421767,-0.01
50,46.2579,42.5253,38.8113,35.1234,31.467,27.8443,24.2525,20.6807,17.1031,13.465,9.64841,5.38513,0,-2.41893e-51,-2.90519e-51,0,0.454049,0.731399,0.861178,0.886113,0.837968,0.739012,0.605732,0.451925,0.291324,0.138172,0,-0.00153331,-0.00302791,-0.00448499,-0.00592128,-0.0073546,-0.00879941,-0.0102671,-0.0117677,-0.0133105,-0.0149057,-0.016564,-0.0182979,-0.0201212,-0.0220503,-0.0241041,-0.0263053,-0.0286806,-0.0312622,-0.0340888,-0.0372067,-0.0406715,-0.0445494,-0.0489186,-0.0538695,-0.0595044,-0.0659348,-0.0732764,-0.0816416,-0.0911313,-0.101826,-0.113776,-0.126998,-0.141469,-0.157121,-0.17384,-0.191464,-0.209793,-0.228589,-0.247589,-0.266516,-0.285084,-0.303013,-0.320034,-0.335893,-0.35036,-0.363226,-0.374309,-0.383455,-0.390537,-0.395451,-0.398124,-0.398505,-0.396568,-0.392308,-0.385743,-0.376909,-0.365861,-0.352671,-0.337425,-0.320222,-0.301175,-0.280405,-0.258044,-0.234232,-0.209114,-0.182843,-0.155575,-0.127471,-0.0986945,-0.0694119,-0.0397907,-0.01
50,46.2872,42.5845,38.9013,35.2461,31.6253,28.0431,24.4999,20.9911,17.5033,14.009,10.4612,6.80193,3.06944,0,0,0,0.861724,1.14647,1.20779,1.15912,1.04587,0.890914,0.708661,0.511218,0.3134,0.136455,0,-0.00167175,-0.00325211,-0.00476905,-0.00625738,-0.00774343,-0.0092451,-0.0107751,-0.012344,-0.013962,-0.0156396,-0.0173887,-0.0192224,-0.0211557,-0.023206,-0.0253932,-0.0277406,-0.0302757,-0.0330304,-0.0360426,-0.0393564,-0.0430236,-0.047104,-0.0516661,-0.0567867,-0.06255,-0.0690445,-0.0763594,-0.0845789,-0.0937756,-0.104005,-0.115296,-0.127653,-0.141043,-0.1554,-0.170619,-0.18656,-0.203051,-0.219891,-0.236856,-0.253713,-0.270219,-0.286134,-0.301226,-0.315274,-0.328074,-0.339443,-0.349216,-0.357252,-0.363435,-0.367668,-0.36988,-0.370021,-0.368061,-0.363993,-0.357827,-0.349592,-0.339333,-0.327111,-0.313001,-0.29709,-0.279479,-0.260276,-0.2396,-0.217577,-0.194343,-0.170035,-0.144799,-0.118784,-0.0921402,-0.0650239,-0.0375912,-0.01
50,46.3254,42.6618,39.0196,35.4086,31.8373,28.3126,24.8397,21.4222,18.0616,14.7594,11.5238,8.39641,5.5279,3.32432,2.34664,1.89502,1.86234,1.80547,1.68485,1.51506,1.31098,1.08289,0.83818,0.584192,0.333146,0.112321,0,-0.00188291,-0.00351625,-0.00506411,-0.006586,-0.00811216,-0.0096605,-0.0112433,-0.0128709,-0.0145534,-0.0163019,-0.0181286,-0.0200471,-0.0220731,-0.0242244,-0.0265214,-0.0289875,-0.0316497,-0.0345392,-0.037692,-0.0411492,-0.0449579,-0.0491713,-0.0538485,-0.0590541,-0.0648565,-0.0713259,-0.0785308,-0.0865334,-0.0953855,-0.105123,-0.115761,-0.127292,-0.13968,-0.152859,-0.166736,-0.181188,-0.196063,-0.211191,-0.226383,-0.241436,-0.256145,-0.270303,-0.283708,-0.296168,-0.307504,-0.317551,-0.326165,-0.333216,-0.338597,-0.34222,-0.344016,-0.343937,-0.341953,-0.338052,-0.332241,-0.324542,-0.314991,-0.303642,-0.29056,-0.275822,-0.259517,-0.241742,-0.222606,-0.202224,-0.180718,-0.158216,-0.13485,-0.11076,-0.0860846,-0.0609689,-0.0355583,-0.01
50,46.3708,42.7538,39.1607,35.603,32.0915,28.6361,25.2468,21.9343,18.7116,15.5978,12.6258,9.85841,7.41474,5.48309,4.21126,3.40638,2.9206,2.55904,2.23807,1.92787,1.61834,1.30609,0.990064,0.670101,0.345054,0,-0.000891205,-0.00231762,-0.00383499,-0.00536267,-0.0068982,-0.00845324,-0.0100392,-0.0116658,-0.0133423,-0.0150787,-0.016886,-0.0187765,-0.0207643,-0.0228652,-0.0250971,-0.0274801,-0.0300375,-0.0327952,-0.0357829,-0.0390342,-0.0425869,-0.0464831,-0.0507692,-0.0554959,-0.0607168,-0.0664873,-0.0728626,-0.0798948,-0.0876295,-0.0961024,-0.105335,-0.115333,-0.126079,-0.137536,-0.149643,-0.162312,-0.175436,-0.188883,-0.202504,-0.216138,-0.229612,-0.242746,-0.255364,-0.267289,-0.278353,-0.288399,-0.29728,-0.304867,-0.311044,-0.315712,-0.318791,-0.320215,-0.31994,-0.317934,-0.314184,-0.308693,-0.301478,-0.29257,-0.282015,-0.269869,-0.256201,-0.241091,-0.224626,-0.206904,-0.18803,-0.168116,-0.147278,-0.125641,-0.10333,-0.0804757,-0.0572124,-0.0336749,-0.01
50,46.4212,42.8558,39.3174,35.8189,32.3733,28.9934,25.6929,22.4873,19.3959,16.4451,13.6728,11.1341,8.90595,7.07452,5.68217,4.65738,3.90323,3.31235,2.81347,2.36634,1.94892,1.54879,1.1584,0.772806,0.388102,0,-0.00123062,-0.0026289,-0.00411093,-0.00563113,-0.00717915,-0.00875826,-0.0103752,-0.0120374,-0.0137534,-0.0155329,-0.0173867,-0.0193272,-0.0213686,-0.0235265,-0.0258185,-0.0282644,-0.0308865,-0.0337096,-0.0367614,-0.0400728,-0.0436778,-0.0476139,-0.0519211,-0.0566423,-0.0618217,-0.0675039,-0.073732,-0.080545,-0.0879758,-0.0960479,-0.104773,-0.114147,-0.124149,-0.134742,-0.145867,-0.157444,-0.169378,-0.181554,-0.193842,-0.206101,-0.218183,-0.229932,-0.241193,-0.251815,-0.261649,-0.270556,-0.278407,-0.285085,-0.290487,-0.294522,-0.297118,-0.298213,-0.297764,-0.295742,-0.292133,-0.286936,-0.280164,-0.271845,-0.262016,-0.250729,-0.238043,-0.224031,-0.208772,-0.192354,-0.174872,-0.156429,-0.137132,-0.117094,-0.096433,-0.0752686,-0.0537244,-0.031926,-0.01
50,46.4739,42.9628,39.4815,36.0446,32.667,29.3637,26.1508,23.0462,20.0717,17.2543,14.6282,12.2354,10.123,8.33164,6.87234,5.70856,4.78005,4.01997,3.37397,2.80385,2.28417,1.79802,1.33384,0.883356,0.440352,0,-0.00138464,-0.00282844,-0.00432295,-0.00585483,-0.00742025,-0.00902162,-0.0106641,-0.0123545,-0.0141008,-0.0159126,-0.0178006,-0.0197774,-0.0218566,-0.0240538,-0.0263861,-0.0288725,-0.0315342,-0.0343945,-0.0374789,-0.0408155,-0.0444348,-0.0483694,-0.0526538,-0.0573238,-0.0624158,-0.0679652,-0.0740053,-0.0805651,-0.0876674,-0.0953265,-0.103546,-0.112317,-0.121617,-0.131405,-0.141628,-0.152215,-0.163077,-0.174115,-0.185216,-0.196256,-0.207105,-0.217629,-0.227693,-0.237163,-0.245909,-0.253809,-0.260748,-0.266622,-0.271337,-0.274812,-0.27698,-0.277786,-0.277189,-0.27516,-0.271684,-0.266761,-0.2604,-0.252623,-0.243465,-0.232969,-0.221191,-0.208193,-0.194048,-0.178836,-0.162644,-0.145565,-0.127698,-0.109146,-0.0900176,-0.0704239,-0.0504789,-0.0302985,-0.01
50,46.5264,43.0691,39.6443,36.2682,32.9571,29.7273,26.5963,23.5829,20.7085,17.9978,15.4788,13.1819,11.1358,9.36009,7.85535,6.59795,5.54842,4.66167,3.89665,3.22045,2.60824,2.04168,1.50709,0.993985,0.493959,0,-0.00146739,-0.0029594,-0.00448181,-0.00603483,-0.0076201,-0.00924139,-0.0109041,-0.0126151,-0.0143825,-0.0162159,-0.0181261,-0.0201253,-0.0222271,-0.0244464,-0.0267999,-0.0293056,-0.0319834,-0.0348547,-0.0379432,-0.041274,-0.0448739,-0.0487714,-0.0529959,-0.0575771,-0.0625447,-0.0679265,-0.073748,-0.0800301,-0.0867879,-0.0940289,-0.101751,-0.109942,-0.118576,-0.127615,-0.137009,-0.146691,-0.156585,-0.1666,-0.176638,-0.186591,-0.196344,-0.205781,-0.214782,-0.223232,-0.231014,-0.238022,-0.244153,-0.249314,-0.253422,-0.256403,-0.258195,-0.258749,-0.258027,-0.256001,-0.252657,-0.247991,-0.242013,-0.234742,-0.226206,-0.216445,-0.205507,-0.193451,-0.18034,-0.166249,-0.151255,-0.135444,-0.118906,-0.101738,-0.0840375,-0.0659075,-0.0474529,-0.028781,-0.01
50,46.5758,43.1691,39.7975,36.4783,33.2289,30.0666,27.0091,24.0752,21.2845,18.6585,16.2191,13.9878,11.9823,10.2119,8.67337,7.3492,6.21163,5.22827,4.36753,3.6018,2.90844,2.26933,1.67001,1.09861,0.54499,0,-0.00151923,-0.0030509,-0.00460214,-0.00617741,-0.00778107,-0.00941824,-0.0110951,-0.0128189,-0.0145981,-0.0164424,-0.0183627,-0.020371,-0.0224805,-0.0247056,-0.0270621,-0.0295671,-0.0322391,-0.0350978,-0.0381646,-0.0414619,-0.0450133,-0.0488434,-0.0529769,-0.0574385,-0.062252,-0.0674393,-0.0730193,-0.0790068,-0.0854109,-0.0922338,-0.0994697,-0.107103,-0.115108,-0.123449,-0.132076,-0.140932,-0.149946,-0.159038,-0.168121,-0.1771,-0.185875,-0.194342,-0.202399,-0.20994,-0.216867,-0.223083,-0.228498,-0.233027,-0.236598,-0.239143,-0.240607,-0.240945,-0.240119,-0.238107,-0.234894,-0.230476,-0.224859,-0.21806,-0.210105,-0.201029,-0.190875,-0.179696,-0.167549,-0.1545,-0.140623,-0.125995,-0.110698,-0.0948203,-0.0784525,-0.061689,-0.0446264,-0.0273635,-0.01
50,46.6193,43.2573,39.9328,36.6641,33.4693,30.3662,27.3725,24.5059,21.7842,19.2252,16.8461,14.6618,12.6831,10.914,9.34975,7.97638,6.77303,5.71511,4.77767,3.93761,3.17484,2.47231,1.81562,1.19223,0.59068,0,-0.00155584,-0.00311882,-0.00469483,-0.00628905,-0.00790689,-0.00955437,-0.0112384,-0.0129668,-0.0147484,-0.0165931,-0.0185117,-0.020516,-0.0226189,-0.0248341,-0.0271766,-0.0296624,-0.0323085,-0.0351331,-0.0381552,-0.0413948,-0.0448726,-0.0486094,-0.0526262,-0.0569431,-0.0615792,-0.0665514,-0.0718734,-0.077555,-0.083601,-0.0900098,-0.0967725,-0.103872,-0.111283,-0.118971,-0.12689,-0.134986,-0.143198,-0.151453,-0.159675,-0.167778,-0.175675,-0.183276,-0.190489,-0.197223,-0.203388,-0.2089,-0.213678,-0.217649,-0.220745,-0.222908,-0.224086,-0.224238,-0.223332,-0.221345,-0.218264,-0.214084,-0.20881,-0.202457,-0.195048,-0.186613,-0.177193,-0.166832,-0.155586,-0.143513,-0.130679,-0.117156,-0.103019,-0.0883484,-0.0732271,-0.0577419,-0.0419817,-0.0260371,-0.01
50,46.6543,43.3286,40.0427,36.8158,33.6666,30.6131,27.6725,24.8615,22.1958,19.6901,17.3576,15.2084,13.2492,11.4806,9.89736,8.48764,7.23484,6.11943,5.12109,4.2204,3.39973,2.64352,1.93798,1.27048,0.628698,0,-0.00158408,-0.00317186,-0.00476739,-0.00637547,-0.0080018,-0.00965301,-0.0113366,-0.0130611,-0.0148356,-0.0166701,-0.0185755,-0.0205632,-0.0226457,-0.0248363,-0.0271488,-0.0295982,-0.0322003,-0.0349713,-0.0379285,-0.0410893,-0.0444718,-0.0480937,-0.0519724,-0.0561245,-0.0605649,-0.0653064,-0.0703588,-0.0757281,-0.0814154,-0.0874165,-0.0937207,-0.10031,-0.10716,-0.114236,-0.121498,-0.128896,-0.136374,-0.143868,-0.151309,-0.158622,-0.165731,-0.172554,-0.179012,-0.185023,-0.190508,-0.195394,-0.199607,-0.203083,-0.205761,-0.207588,-0.208519,-0.208517,-0.20755,-0.2056,-0.202652,-0.198703,-0.193758,-0.187827,-0.180933,-0.173102,-0.164369,-0.154778,-0.144375,-0.133217,-0.121361,-0.108873,-0.0958229,-0.0822829,-0.0683296,-0.0540424,-0.0395027,-0.0247938,-0.01
50,46.6783,43.3779,40.1197,36.9239,33.8098,30.7953,27.8972,25.1308,22.5101,20.0469,17.7512,15.6299,13.6864,11.9195,10.3234,8.88768,7.59841,6.43939,5.39368,4.44471,3.57715,2.7771,2.03192,1.3294,0.656827,0,-0.00160786,-0.00321587,-0.00482594,-0.00644217,-0.00807048,-0.0097181,-0.0113933,-0.0131049,-0.0148626,-0.0166764,-0.0185573,-0.0205163,-0.0225655,-0.0247175,-0.0269853,-0.0293827,-0.0319241,-0.0346244,-0.0374987,-0.0405624,-0.0438312,-0.0473199,-0.0510432,-0.0550143,-0.059245,-0.0637446,-0.0685198,-0.0735736,-0.0789045,-0.0845065,-0.0903675,-0.0964695,-0.102788,-0.109292,-0.115943,-0.122696,-0.129501,-0.1363,-0.143032,-0.14963,-0.156027,-0.162151,-0.16793,-0.173294,-0.178173,-0.1825,-0.186211,-0.189249,-0.191558,-0.193093,-0.193812,-0.193681,-0.192673,-0.19077,-0.187959,-0.184236,-0.179606,-0.174078,-0.167671,-0.16041,-0.152326,-0.143458,-0.133849,-0.123549,-0.112612,-0.101097,-0.0890667,-0.0765883,-0.0637316,-0.0505691,-0.0371753,-0.0236266,-0.01
50,46.6886,43.4,40.1566,36.9795,33.8886,30.902,28.0357,25.304,22.7188,20.2899,18.0244,15.9267,13.9977,12.2349,10.632,9.17926,7.86454,6.67385,5.59262,4.60658,3.70245,2.86815,2.09261,1.36486,0.672554,0,-0.00163078,-0.00325652,-0.00487669,-0.00649505,-0.0081182,-0.0097543,-0.0114124,-0.013102,-0.0148331,-0.016616,-0.0184613,-0.0203801,-0.0223837,-0.024484,-0.0266934,-0.0290245,-0.0314905,-0.0341046,-0.0368803,-0.0398313,-0.0429706,-0.0463112,-0.0498649,-0.0536423,-0.0576526,-0.0619024,-0.0663959,-0.0711337,-0.0761126,-0.0813252,-0.0867587,-0.0923954,-0.0982118,-0.104179,-0.110261,-0.116417,-0.122603,-0.128765,-0.134851,-0.1408,-0.146552,-0.152045,-0.157214,-0.161998,-0.166333,-0.170162,-0.173427,-0.176076,-0.178062,-0.179343,-0.179881,-0.179646,-0.178614,-0.176768,-0.174097,-0.170596,-0.16627,-0.161127,-0.155184,-0.148463,-0.140993,-0.132808,-0.123947,-0.114456,-0.104383,-0.0937828,-0.0827124,-0.0712327,-0.0594074,-0.0473026,-0.0349866,-0.0225288,-0.01
50,46.6825,43.3899,40.146,36.9735,33.8929,30.9224,28.0776,25.3715,22.8142,20.4135,18.174,16.0979,14.1842,12.429,10.8254,9.36411,8.03388,6.82219,5.71616,4.70329,3.77208,2.91233,2.11508,1.37177,0.672163,0,-0.00165786,-0.0033012,-0.00492724,-0.006541,-0.00815094,-0.00976679,-0.0113987,-0.0130569,-0.0147516,-0.0164933,-0.0182925,-0.0201598,-0.0221062,-0.0241429,-0.0262813,-0.0285332,-0.0309103,-0.0334246,-0.0360882,-0.0389127,-0.0419096,-0.0450895,-0.0484622,-0.0520362,-0.0558182,-0.059813,-0.0640226,-0.0684461,-0.0730789,-0.0779125,-0.0829344,-0.0881269,-0.093468,-0.0989302,-0.104481,-0.110085,-0.115698,-0.121277,-0.126771,-0.132129,-0.137297,-0.142218,-0.146837,-0.151098,-0.154947,-0.15833,-0.161198,-0.163505,-0.165207,-0.166267,-0.166653,-0.166337,-0.165297,-0.163517,-0.160988,-0.157707,-0.153675,-0.148902,-0.143402,-0.137194,-0.130305,-0.122766,-0.114613,-0.105885,-0.0966283,-0.086891,-0.0767255,-0.066187,-0.0553335,-0.0442254,-0.0329247,-0.0214947,-0.01
50,46.657,43.3415,40.0797,36.8959,33.8117,30.8454,28.0122,25.3236,22.7883,20.4116,18.1961,16.1418,14.2456,12.5026,10.9049,9.4434,8.10709,6.88438,5.7635,4.73321,3.78344,2.90573,2.09353,1.34234,0.648309,0,-0.00169839,-0.00336126,-0.00498762,-0.00658811,-0.00817526,-0.00976114,-0.0113571,-0.0129741,-0.0146227,-0.0163132,-0.0180559,-0.0198613,-0.0217396,-0.0237014,-0.0257574,-0.0279182,-0.0301946,-0.0325973,-0.0351368,-0.0378233,-0.0406666,-0.0436757,-0.0468584,-0.0502214,-0.0537698,-0.0575064,-0.0614319,-0.0655441,-0.0698375,-0.0743034,-0.078929,-0.0836976,-0.0885882,-0.0935757,-0.0986306,-0.103719,-0.108804,-0.113845,-0.118797,-0.123615,-0.12825,-0.132654,-0.136775,-0.140566,-0.143977,-0.146962,-0.149477,-0.15148,-0.152934,-0.153804,-0.154063,-0.153685,-0.152651,-0.150947,-0.148564,-0.145499,-0.141754,-0.137336,-0.13226,-0.126542,-0.120206,-0.11328,-0.105796,-0.0977917,-0.0893065,-0.0803848,-0.071074,-0.0614244,-0.0514885,-0.0413211,-0.0309787,-0.0205188,-0.01
50,46.6086,43.2482,39.9482,36.7354,33.6325,30.6585,27.8275,25.1498,22.6321,20.2774,18.086,16.0554,14.1809,12.4557,10.8714,9.41811,8.08506,6.86098,5.73474,4.69587,3.73512,2.8451,2.0211,1.26345,0.5829,0,-0.00177313,-0.00345548,-0.00507093,-0.00664542,-0.00819789,-0.00974288,-0.0112927,-0.0128587,-0.0144513,-0.0160808,-0.0177573,-0.0194906,-0.0212907,-0.0231673,-0.0251303,-0.0271895,-0.0293546,-0.0316351,-0.0340403,-0.036579,-0.0392596,-0.0420895,-0.0450751,-0.0482216,-0.0515325,-0.0550095,-0.0586521,-0.0624572,-0.0664188,-0.070528,-0.0747724,-0.0791361,-0.0835995,-0.0881395,-0.0927292,-0.0973383,-0.101933,-0.106477,-0.110931,-0.115254,-0.119404,-0.123335,-0.127006,-0.130371,-0.133389,-0.136018,-0.138218,-0.139953,-0.14119,-0.141898,-0.142053,-0.141631,-0.140616,-0.138995,-0.136761,-0.13391,-0.130444,-0.12637,-0.1217,-0.116451,-0.110642,-0.104299,-0.0974522,-0.0901333,-0.0823793,-0.0742301,-0.0657286,-0.0569201,-0.0478523,-0.0385748,-0.0291386,-0.019596,-0.01
50,46.5327,43.1014,39.74,36.4782,33.3409,30.3469,27.5098,24.838,22.3356,20.0031,17.8379,15.8352,13.988,12.2879,10.7251,9.28919,7.96896,6.75319,5.63097,4.59208,3.62744,2.72939,1.89214,1.115,0.423754,0,-0.00193689,-0.00361374,-0.00519173,-0.00672114,-0.00822463,-0.00971694,-0.0112101,-0.0127151,-0.0142422,-0.0158013,-0.0174021,-0.0190541,-0.0207664,-0.0225483,-0.0244088,-0.0263569,-0.0284012,-0.0305503,-0.0328124,-0.035195,-0.0377052,-0.0403493,-0.0431323,-0.0460582,-0.0491295,-0.0523467,-0.0557086,-0.0592115,-0.0628491,-0.0666127,-0.0704903,-0.0744669,-0.0785246,-0.0826421,-0.0867949,-0.0909558,-0.0950946,-0.0991786,-0.103173,-0.107042,-0.110746,-0.114248,-0.117509,-0.12049,-0.123153,-0.125461,-0.127381,-0.12888,-0.129928,-0.130498,-0.130569,-0.130119,-0.129135,-0.127605,-0.125521,-0.122882,-0.119689,-0.115948,-0.11167,-0.106869,-0.101564,-0.0957784,-0.0895371,-0.0828704,-0.0758113,-0.0683956,-0.0606619,-0.0526512,-0.0444064,-0.0359723,-0.027395,-0.0187216,-0.01
50,46.4236,42.8904,39.4403,36.1074,32.9186,29.8931,27.0429,24.3739,21.8871,19.5796,17.4455,15.4771,13.6648,11.9984,10.4666,9.05779,7.76039,6.56287,5.4542,4.42412,3.46325,2.5628,1.71231,0.887928,0,-0.000914888,-0.00235759,-0.003867,-0.00535703,-0.00681875,-0.00825888,-0.00968707,-0.0111134,-0.0125479,-0.0140003,-0.0154801,-0.0169963,-0.018558,-0.0201737,-0.0218521,-0.0236015,-0.0254299,-0.0273452,-0.0293549,-0.0314662,-0.0336857,-0.0360193,-0.0384722,-0.0410485,-0.0437511,-0.0465815,-0.0495398,-0.0526239,-0.0558298,-0.0591515,-0.0625801,-0.0661046,-0.0697109,-0.0733826,-0.0771003,-0.0808418,-0.0845828,-0.0882962,-0.091953,-0.0955223,-0.0989717,-0.102268,-0.105377,-0.108264,-0.110896,-0.113238,-0.11526,-0.11693,-0.11822,-0.119104,-0.119558,-0.119562,-0.119099,-0.118156,-0.116722,-0.114792,-0.112363,-0.109437,-0.106019,-0.102119,-0.0977496,-0.0929279,-0.0876739,-0.0820113,-0.0759665,-0.0695692,-0.0628516,-0.0558482,-0.048596,-0.0411334,-0.0335006,-0.0257391,-0.0178912,-0.01
50,46.2736,42.6007,39.0298,35.6009,32.3431,29.2754,26.4073,23.741,21.2732,18.9966,16.9014,14.9763,13.2089,11.5865,10.0963,8.72543,7.46152,6.2926,5.20738,4.1954,3.24729,2.35555,1.51712,0.735211,0,-0.00129548,-0.00270355,-0.00413308,-0.00554541,-0.0069335,-0.00830119,-0.00965585,-0.0110062,-0.0123613,-0.0137303,-0.0151221,-0.0165454,-0.0180085,-0.0195196,-0.0210865,-0.0227169,-0.024418,-0.0261969,-0.0280602,-0.0300143,-0.0320648,-0.0342167,-0.0364742,-0.0388406,-0.0413181,-0.0439074,-0.0466081,-0.0494178,-0.0523325,-0.0553459,-0.05845,-0.0616341,-0.0648856,-0.0681894,-0.0715278,-0.0748811,-0.0782275,-0.0815429,-0.0848015,-0.0879761,-0.0910381,-0.0939581,-0.0967061,-0.099252,-0.101566,-0.103618,-0.105382,-0.106829,-0.107934,-0.108676,-0.109032,-0.108986,-0.108523,-0.10763,-0.106298,-0.104523,-0.102303,-0.0996384,-0.0965349,-0.0930006,-0.0890473,-0.0846897,-0.0799461,-0.0748372,-0.069387,-0.0636218,-0.0575703,-0.0512634,-0.044734,-0.0380166,-0.0311471,-0.0241624,-0.0171006,-0.01
50,46.0717,42.2122,38.4824,34.9294,31.5851,28.4667,25.5793,22.9197,20.4785,18.2428,16.1978,14.3281,12.6178,11.0519,9.61539,8.2943,7.07528,5.94582,4.89427,3.90983,2.98286,2.10706,1.28935,0.569999,0,-0.00154579,-0.00300909,-0.00440386,-0.00575055,-0.00706355,-0.00835252,-0.00962581,-0.0108918,-0.0121592,-0.0134366,-0.0147324,-0.0160549,-0.0174118,-0.0188108,-0.0202589,-0.0217632,-0.0233302,-0.0249662,-0.0266772,-0.0284685,-0.030345,-0.0323109,-0.0343698,-0.0365241,-0.0387754,-0.0411241,-0.0435692,-0.0461082,-0.0487371,-0.0514499,-0.0542391,-0.0570949,-0.0600057,-0.0629579,-0.0659357,-0.0689215,-0.0718959,-0.0748376,-0.0777239,-0.0805307,-0.0832331,-0.0858053,-0.0882209,-0.0904536,-0.0924773,-0.0942665,-0.0957965,-0.097044,-0.0979869,-0.0986053,-0.0988813,-0.0987992,-0.0983459,-0.097511,-0.0962869,-0.094669,-0.0926556,-0.0902481,-0.0874509,-0.0842714,-0.0807199,-0.0768097,-0.0725568,-0.0679796,-0.0630994,-0.0579395,-0.0525254,-0.0468846,-0.0410461,-0.0350406,-0.0289,-0.0226572,-0.0163458,-0.01
50,45.8022,41.6966,37.7617,34.0541,30.6069,27.4332,24.5307,21.8875,19.4861,17.3061,15.3269,13.528,11.89,10.3948,9.02584,7.76749,6.60556,5.527,4.51981,3.57296,2.67652,1.82431,1.0283,0.357869,0,-0.00184243,-0.00334631,-0.00470063,-0.00597842,-0.00721159,-0.00841547,-0.00959998,-0.0107739,-0.0119456,-0.0131237,-0.014316,-0.0155303,-0.0167739,-0.0180538,-0.0193765,-0.0207484,-0.0221753,-0.0236628,-0.0252161,-0.0268399,-0.0285383,-0.0303149,-0.0321726,-0.0341132,-0.036138,-0.0382468,-0.0404385,-0.0427106,-0.045059,-0.0474785,-0.0499618,-0.0525002,-0.0550833,-0.0576987,-0.0603326,-0.0629694,-0.0655918,-0.0681813,-0.070718,-0.0731809,-0.0755482,-0.0777973,-0.0799055,-0.0818499,-0.0836076,-0.0851567,-0.0864757,-0.0875442,-0.0883433,-0.0888556,-0.0890656,-0.0889596,-0.0885263,-0.0877566,-0.0866441,-0.0851847,-0.083377,-0.0812222,-0.0787243,-0.0758897,-0.0727277,-0.0692498,-0.06547,-0.0614048,-0.0570727,-0.0524942,-0.0476919,-0.0426899,-0.0375137,-0.0321905,-0.0267482,-0.0212158,-0.0156231,-0.01
50,45.4414,41.012,36.8163,32.9216,29.3594,26.133,23.2278,20.619,18.2776,16.1744,14.2813,12.5725,11.0247,9.61702,8.33083,7.14935,6.05752,5.04179,4.09003,3.19149,2.33739,1.52295,0.75079,0,-0.00101469,-0.00242266,-0.00378051,-0.00504413,-0.00623731,-0.00738242,-0.00849382,-0.00958195,-0.010656,-0.0117245,-0.0127958,-0.0138774,-0.0149767,-0.0161004,-0.0172549,-0.0184463,-0.01968,-0.0209615,-0.0222956,-0.0236867,-0.025139,-0.0266559,-0.0282405,-0.029895,-0.031621,-0.0334191,-0.0352892,-0.0372298,-0.0392386,-0.0413119,-0.0434447,-0.0456304,-0.0478614,-0.0501283,-0.0524202,-0.0547251,-0.0570291,-0.0593173,-0.0615736,-0.0637807,-0.0659204,-0.0679739,-0.0699217,-0.0717442,-0.0734217,-0.0749346,-0.0762638,-0.0773909,-0.0782985,-0.0789702,-0.0793911,-0.0795478,-0.0794286,-0.0790237,-0.0783254,-0.0773282,-0.0760284,-0.0744251,-0.0725192,-0.0703143,-0.067816,-0.0650323,-0.0619734,-0.0586514,-0.0550806,-0.0512772,-0.0472591,-0.0430458,-0.0386584,-0.0341193,-0.0294519,-0.0246808,-0.0198311,-0.0149288,-0.01
50,44.952,40.095,35.5716,31.459,27.7787,24.5149,21.632,19.0866,16.835,14.8366,13.0554,11.4599,10.0232,8.72171,7.53519,6.44579,5.43777,4.49717,3.61158,2.7703,1.96521,1.19489,0.484624,0,-0.00159694,-0.00298727,-0.00425722,-0.00543074,-0.00653222,-0.00758121,-0.0085919,-0.00957552,-0.0105418,-0.0114996,-0.0124569,-0.013421,-0.0143989,-0.0153967,-0.0164202,-0.0174748,-0.0185654,-0.0196968,-0.0208731,-0.0220983,-0.0233757,-0.0247083,-0.0260987,-0.0275486,-0.0290592,-0.030631,-0.0322635,-0.0339555,-0.0357046,-0.0375075,-0.0393597,-0.0412554,-0.0431879,-0.0451489,-0.047129,-0.0491178,-0.0511033,-0.0530728,-0.0550123,-0.0569071,-0.0587417,-0.0604998,-0.0621651,-0.0637208,-0.0651499,-0.0664361,-0.0675629,-0.0685148,-0.0692769,-0.0698354,-0.0701775,-0.0702919,-0.0701687,-0.0697995,-0.0691779,-0.0682989,-0.0671599,-0.0657597,-0.0640994,-0.062182,-0.0600124,-0.0575974,-0.0549457,-0.0520679,-0.0489762,-0.0456845,-0.0422081,-0.038564,-0.0347702,-0.0308459,-0.0268113,-0.0226874,-0.0184961,-0.0142594,-0.01
50,44.272,38.8453,33.9172,29.5657,25.7834,22.518,19.7008,17.2627,15.1416,13.2842,11.6463,10.1914,8.88923,7.71448,6.64575,5.66455,4.75473,3.90191,3.09325,2.31713,1.56229,0.81184,0,-0.00102435,-0.00235031,-0.00362529,-0.0047965,-0.00587186,-0.00687148,-0.00781392,-0.00871413,-0.00958427,-0.0104346,-0.0112741,-0.0121106,-0.0129509,-0.0138015,-0.0146678,-0.0155552,-0.0164683,-0.0174114,-0.0183886,-0.0194035,-0.0204594,-0.0215592,-0.0227053,-0.0238997,-0.0251439,-0.0264388,-0.0277847,-0.029181,-0.0306265,-0.0321192,-0.0336561,-0.0352331,-0.0368455,-0.0384872,-0.0401514,-0.0418299,-0.0435139,-0.0451934,-0.0468574,-0.0484943,-0.0500916,-0.0516364,-0.0531151,-0.0545139,-0.0558187,-0.0570154,-0.0580903,-0.0590296,-0.0598204,-0.0604502,-0.0609075,-0.0611816,-0.0612631,-0.0611436,-0.0608163,-0.0602757,-0.0595178,-0.0585402,-0.0573421,-0.0559245,-0.0542898,-0.0524422,-0.0503875,-0.048133,-0.0456877,-0.0430618,-0.0402671,-0.0373166,-0.0342244,-0.0310058,-0.0276771,-0.0242553,-0.0207581,-0.017204,-0.0136116,-0.01
50,43.2909,37.0974,31.687,27.104,23.2722,20.0742,17.3919,15.1235,13.1859,11.5138,10.0559,8.77198,7.62988,6.60362,5.67159,4.81534,4.01865,3.26691,2.54684,1.84669,1.15812,0.492197,0,-0.001741,-0.00313423,-0.00434346,-0.00541506,-0.00637966,-0.00726296,-0.00808567,-0.00886404,-0.009611,-0.010337,-0.0110509,-0.0117599,-0.0124706,-0.0131885,-0.0139185,-0.0146652,-0.0154327,-0.0162245,-0.0170441,-0.0178945,-0.0187784,-0.0196982,-0.0206559,-0.021653,-0.0226908,-0.0237698,-0.0248903,-0.0260516,-0.0272528,-0.028492,-0.0297666,-0.0310734,-0.0324081,-0.0337659,-0.0351409,-0.0365265,-0.0379153,-0.0392991,-0.0406689,-0.0420152,-0.0433276,-0.0445956,-0.0458081,-0.0469538,-0.0480212,-0.0489988,-0.0498753,-0.0506397,-0.0512812,-0.0517897,-0.0521559,-0.052371,-0.0524274,-0.0523182,-0.0520379,-0.051582,-0.0509473,-0.0501317,-0.0491349,-0.0479573,-0.0466013,-0.0450701,-0.0433686,-0.0415028,-0.03948,-0.0373087,-0.0349985,-0.0325602,-0.0300053,-0.0273465,-0.0245972,-0.0217712,-0.0188832,-0.0159484,-0.0129821,-0.01
50,41.7944,34.5666,28.6297,23.8915,20.128,17.1152,14.67,12.6541,10.9657,9.53018,8.29268,7.21191,6.25616,5.40041,4.62412,3.90974,3.24149,2.60457,1.98487,1.36846,0.733942,0,-0.00131418,-0.00280169,-0.00409329,-0.00518957,-0.0061335,-0.00696415,-0.00771186,-0.00839929,-0.00904341,-0.00965713,-0.0102505,-0.0108317,-0.0114074,-0.011983,-0.0125635,-0.0131529,-0.0137551,-0.0143734,-0.0150108,-0.0156699,-0.0163532,-0.017063,-0.0178009,-0.0185687,-0.0193675,-0.0201983,-0.0210614,-0.021957,-0.0228846,-0.0238432,-0.0248314,-0.0258471,-0.0268876,-0.0279495,-0.0290289,-0.0301213,-0.0312212,-0.0323228,-0.0334195,-0.0345044,-0.0355698,-0.0366076,-0.0376095,-0.0385667,-0.0394703,-0.0403113,-0.0410806,-0.0417694,-0.0423689,-0.0428708,-0.0432671,-0.0435504,-0.0437139,-0.0437515,-0.043658,-0.0434289,-0.0430607,-0.0425508,-0.0418979,-0.0411014,-0.0401619,-0.0390811,-0.0378617,-0.0365075,-0.0350232,-0.0334147,-0.0316887,-0.0298528,-0.0279155,-0.0258859,-0.0237741,-0.0215906,-0.0193464,-0.0170532,-0.0147229,-0.0123677,-0.01
50,39.3201,30.7449,24.3741,19.7046,16.2334,13.5888,11.5192,9.85767,8.49287,7.34905,6.3733,5.52757,4.78352,4.11925,3.51688,2.96088,2.43655,1.929,1.42355,0.91157,0.411087,0,-0.00245451,-0.00405633,-0.00524406,-0.00618403,-0.00696177,-0.00762882,-0.00821872,-0.00875428,-0.00925158,-0.00972235,-0.0101754,-0.0106176,-0.0110545,-0.0114906,-0.0119296,-0.012375,-0.0128295,-0.0132958,-0.013776,-0.0142724,-0.0147867,-0.0153205,-0.0158752,-0.0164519,-0.0170517,-0.017675,-0.0183223,-0.0189935,-0.0196883,-0.0204059,-0.0211452,-0.0219046,-0.022682,-0.0234751,-0.0242807,-0.0250954,-0.0259154,-0.0267361,-0.0275527,-0.02836,-0.0291523,-0.0299236,-0.0306678,-0.0313782,-0.0320484,-0.0326717,-0.0332413,-0.0337507,-0.0341934,-0.0345633,-0.0348544,-0.0350613,-0.035179,-0.0352029,-0.0351292,-0.0349545,-0.0346763,-0.0342928,-0.0338028,-0.033206,-0.0325029,-0.0316946,-0.0307833,-0.0297717,-0.0286634,-0.0274627,-0.0261746,-0.0248048,-0.0233595,-0.0218457,-0.0202706,-0.0186423,-0.0169688,-0.0152589,-0.0135214,-0.0117653,-0.01
50,34.7413,24.719,18.417,14.3193,11.5123,9.48767,7.96041,6.7646,5.79926,5.00007,4.32423,3.74201,3.23188,2.77736,2.36502,1.98272,1.61781,1.25464,0.871882,0.445563,0,-0.00258574,-0.00444701,-0.00572392,-0.00664079,-0.00733862,-0.00789868,-0.00836873,-0.00877818,-0.00914602,-0.00948506,-0.00980433,-0.0101105,-0.0104084,-0.0107023,-0.0109951,-0.0112896,-0.0115881,-0.0118925,-0.0122046,-0.0125258,-0.0128577,-0.0132014,-0.013558,-0.0139283,-0.0143133,-0.0147134,-0.0151291,-0.0155606,-0.0160078,-0.0164705,-0.0169483,-0.0174402,-0.0179454,-0.0184623,-0.0189893,-0.0195245,-0.0200656,-0.0206098,-0.0211543,-0.0216959,-0.0222311,-0.0227561,-0.023267,-0.0237597,-0.0242298,-0.024673,-0.025085,-0.0254613,-0.0257975,-0.0260893,-0.0263328,-0.026524,-0.0266593,-0.0267354,-0.0267493,-0.0266984,-0.0265807,-0.0263943,-0.0261381,-0.0258113,-0.0254137,-0.0249456,-0.0244079,-0.0238019,-0.0231294,-0.0223929,-0.0215951,-0.0207394,-0.0198296,-0.0188697,-0.0178645,-0.0168186,-0.0157375,-0.0146264,-0.0134912,-0.0123377,-0.0111719,-0.01
50,24.926,14.9727,10.2558,7.64347,6.00873,4.88915,4.07016,3.44108,2.93954,2.52781,2.18166,1.88466,1.6251,1.3941,1.18434,0.988906,0.799451,0.60219,0.365803,0,-0.00397396,-0.00589582,-0.00702347,-0.00775082,-0.00825547,-0.00862975,-0.00892426,-0.00916793,-0.00937806,-0.00956552,-0.00973746,-0.00989882,-0.0100532,-0.0102032,-0.0103509,-0.0104979,-0.0106457,-0.0107955,-0.0109481,-0.0111045,-0.0112654,-0.0114317,-0.0116038,-0.0117823,-0.0119676,-0.0121602,-0.0123604,-0.0125683,-0.012784,-0.0130075,-0.0132387,-0.0134774,-0.0137231,-0.0139753,-0.0142334,-0.0144964,-0.0147635,-0.0150333,-0.0153047,-0.0155762,-0.0158462,-0.0161128,-0.0163744,-0.0166288,-0.0168741,-0.0171082,-0.0173287,-0.0175337,-0.0177207,-0.0178878,-0.0180328,-0.0181536,-0.0182483,-0.0183152,-0.0183525,-0.0183589,-0.018333,-0.0182737,-0.0181802,-0.0180519,-0.0178885,-0.0176898,-0.017456,-0.0171874,-0.0168849,-0.0165492,-0.0161816,-0.0157836,-0.0153566,-0.0149027,-0.0144239,-0.0139224,-0.0134008,-0.0128615,-0.0123074,-0.0117412,-0.0111659,-0.0105845,-0.01
50,-0.01,-0.01,-0.01,-0.01,-0.01,-0.01,-0.01,-0.01,-0.01,-0.01,-0.01,-0.01,-0.01,-0.01,-0.01,-0.01,-0.01,-0.01,-0.01,-0.01,-0.01,-0.01,-0.01,-0.01,-0.01,-0.01,-0.01,-0.01,-0.01,-0.01,-0.01,-0.01,-0.01,-0.01,-0.01,-0.01,-0.01,-0.01,-0.01,-0.01,-0.01,-0.01,-0.01,-0.01,-0.01,-0.01,-0.01,-0.01,-0.01,-0.01,-0.01,-0.01,-0.01,-0.01,-0.01,-0.01,-0.01,-0.01,-0.01,-0.01,-0.01,-0.01,-0.01,-0.01,-0.01,-0.01,-0.01,-0.01,-0.01,-0.01,-0.01,-0.01,-0.01,-0.01,-0.01,-0.01,-0.01,-0.01,-0.01,-0.01,-0.01,-0.01,-0.01,-0.01,-0.01,-0.01,-0.01,-0.01,-0.01,-0.01,-0.01,-0.01,-0.01,-0.01,-0.01,-0.01,-0.01,-0.01,-0.01
